New Diane, MO 42379"
100,Penny,Alvarez,female,O,26,434-229-2577,sandra77@gmail.com,build,"1262 Elizabeth Ports Apt. 640
Carolshire, TX 84884"
101,Pamela,Tran,male,A,63,6056342988,wardpam@riley.com,forward,"15241 Richard Mews
Port Robert, CA 83639"
102,Joshua,Henry,male,A,85,+1-471-925-1617,curtisjeremiah@hotmail.com,step,"34584 Jacqueline Mall Apt. 766
New Frankfort, MA 93983"
103,Corey,Rogers,female,A,17,1609997621,osbornaaron@yahoo.com,throw,"145 Diana Gateway Suite 829
North Jimborough, NV 63602"
104,Jessica,Clark,male,O,82,(180)728-4402x5076,kpowell@yahoo.com,add,"85983 Nicholas Cliffs Apt. 899
Scotttown, NH 96535"
105,Casey,Herrera,male,O,34,382-290-0400x821,markscollin@williams.com,no,"393 Stokes Camp
Spencebury, CA 81698"
106,Edward,Allen,male,AB,62,(191)834-3869,amydavis@yahoo.com,material,"23269 Marquez Glen
South Williamside, UT 11671"
107,Patricia,Simmons,male,B,39,001-947-723-5802x083,bettydavis@yahoo.com,note,"2567 Taylor Mountains
South Dylan, IA 26038"
108,Angela,Mcdaniel,male,B,43,(306)510-0876x7459,xgonzalez@gmail.com,individual,"720 Donovan Hollow Suite 708
South Davidland, KY 74738"
109,Jessica,Daniels,male,AB,73,001-660-578-9965x31046,bconner@gallegos.net,audience,"26844 Peters Mountains Apt. 004
Port Judithville, FL 38260"
110,Grant,Scott,female,A,14,703-036-5409x25618,brandy57@anderson-fernandez.com,he,"PSC 8416, Box 2469
APO AA 98331"
111,Robin,Davies,male,A,60,488-485-3635x432,brandonoliver@yahoo.com,understand,"828 Jonathan Circle Apt. 853
Timothyfurt, AZ 32339"
112,Jacqueline,Mathews,female,O,79,537-401-0117x9991,tonyagarcia@gmail.com,there,"04745 Mack Shores Apt. 692
West Kiara, MN 56788"
113,Steven,Anderson,male,B,58,0282234272,carla33@scott.com,conference,"75360 Shawn Trail
Jeremystad, WV 52109"
114,Carol,Berry,male,O,27,001-026-847-3610x642,lanezachary@hotmail.com,minute,"9688 Wilcox Falls
Perezton, NM 20176"
115,Tamara,Mathis,female,O,42,+1-062-310-4924x44053,charles76@rogers.biz,fill,"94767 David Pine Apt. 538
New Susan, UT 33609"
116,Kimberly,Watson,female,AB,66,001-746-926-5107,martinmark@gmail.com,my,"PSC 3368, Box 1645
APO AA 22902"
117,Ashley,Schmitt,female,B,23,(531)505-8621x85569,sandradelgado@gmail.com,sister,"677 Willie Park Suite 456
West Charlesside, DE 29277"
118,William,Mills,male,O,20,196-549-9931x7795,teresa07@crawford.biz,child,"USCGC Johnson
FPO AA 42252"
119,Lori,Owens,female,O,46,+1-293-518-5003x2750,williamskathy@rogers.com,specific,"8515 Jackson Row
Leahberg, WY 05435"
120,Kevin,Nelson,male,A,66,(478)257-7039,alynch@davis-hawkins.com,pattern,"444 Tyler Overpass Suite 150
East Donnamouth, IL 47118"
121,Ryan,Valdez,female,AB,85,4577497768,stephanie59@yahoo.com,full,"72618 Scott Point
Lake Karen, GA 86472"
122,Clarence,Brown,male,O,23,+1-529-481-3943,lawrencedavid@davis.com,reveal,"0425 Thompson Prairie
New Anthony, NC 24625"
123,Nicole,Obrien,male,AB,54,+1-372-515-0596,gonzalezcheryl@davis.com,back,"70788 Kristina Mall
Yangberg, ND 57387"
124,Jennifer,Dawson,female,B,44,(158)522-1042x474,heather23@flores-gordon.com,piece,"99223 Crawford Run
East Jennifer, AK 91432"
125,Deanna,Mckay,male,AB,57,780.412.5010,markprice@gmail.com,art,"2325 Ross Cape
West Jasmineside, NM 46172"
126,Mrs.,Taylor,male,B,26,001-021-678-5392,katie51@turner-garza.net,seat,"0147 David River Apt. 495
West Natasha, SC 42748"
127,Kenneth,Richardson,female,B,52,886-340-1438x2327,jessica27@clark-mendoza.com,interesting,"91271 Stephanie Parks Suite 722
North Jessica, OH 35264"
128,Jenna,Sullivan,female,O,58,001-760-826-6732x00226,susan73@evans.com,movie,"682 Hampton Inlet
New Cynthia, ME 07677"
129,Dr.,Aaron,male,A,30,001-865-656-5659x44764,warnerdavid@gmail.com,near,"3076 Kathleen Track
Lake Lisaberg, WY 92444"
130,Kenneth,Jones,male,O,58,(518)424-0179x70663,ylee@gmail.com,skill,"617 Poole Drive
Lambertborough, WV 83523"
131,Amber,Hernandez,male,O,65,+1-685-843-5139x61505,watkinsrobert@diaz.com,window,"206 Paula Roads
East Philipside, CT 67590"
132,Keith,Gonzalez,male,AB,17,230.445.9460,hillbilly@evans.org,serve,"07511 Amy Glens
Taylorfurt, GA 20796"
133,Robert,Yates,male,O,62,396.591.4010x704,barnettsarah@hotmail.com,area,"306 Donovan Curve
East Christopher, OH 68869"
134,Shawn,Oliver,female,A,47,+1-615-553-6330x78484,nicholas96@gmail.com,phone,"625 Rodney Ford Apt. 469
Whitebury, RI 69574"
135,Travis,Sanchez,male,AB,39,+1-569-900-9024x3548,jeffreymiller@moore.org,structure,"53682 Burnett Station
Charleston, OK 06412"
136,Paula,Pearson,male,O,41,068.002.0305,krausepaula@jacobs.com,police,"1968 Johnson Wells Apt. 990
Evansfurt, NE 36154"
137,Julie,Smith,female,B,64,6885812270,kayla49@yahoo.com,include,"50703 Miller Fords
East Cassandraton, KY 88232"
138,Christopher,Ellis,female,O,25,(510)080-8067x09796,carol33@yahoo.com,talk,"081 Melanie Lodge Suite 138
Rileyland, VA 99774"
139,Keith,Rios,male,A,91,(311)470-8102x343,karen43@guzman.net,require,"03309 Ballard Common
Wardland, KY 80623"
140,Miranda,Davis,male,AB,64,145.262.5885x566,chad86@roberts-blake.org,public,"8367 Bailey Squares
Aprilton, OR 05322"
141,Martin,Gay,male,B,78,001-514-811-6488x09919,qlawson@shepard-davis.com,weight,"72888 Amanda Hollow Suite 544
Nielsenborough, NV 79247"
142,Jennifer,Lee,male,O,22,054-831-0320x2453,jenniferhayes@cooper.com,city,"12559 Frank Tunnel Suite 102
East Danielstad, KY 34902"
143,Deanna,Miller,male,O,42,957-922-2100x326,jason14@lopez.biz,forget,"7551 Wallace Light Suite 357
Shannonborough, MD 15224"
144,Justin,Cochran,male,O,78,(493)464-7972x6972,kenneth27@brown.com,choose,"Unit 7965 Box 6333
DPO AP 30738"
145,Cody,Hunt,male,O,16,245.663.7744x0194,veronicaochoa@matthews.net,raise,"6151 Drew Rapids
Villahaven, NJ 73299"
146,Stacy,Ewing,male,O,18,454.082.4125x59114,davisjoshua@reed.net,age,"793 Roberta Manor
Julieview, NC 78800"
147,Paul,Sullivan,male,AB,42,+1-087-960-1616x0309,montgomerydave@torres.com,industry,"7291 Hale Extensions
Jeffersonmouth, CO 02892"
148,Rachel,Perez,female,B,29,001-304-100-4230,james91@lester.com,peace,"39282 Maynard Drive Suite 678
Bradleymouth, HI 27608"
149,Joshua,Marshall,male,AB,91,+1-014-313-4041x6442,robertcopeland@hotmail.com,guy,"1003 Stephens Field Suite 287