49,Brian,Wagner,female,+1-074-898-0585x594,mary19@carter-payne.com,f$Bt*8vG%5
50,Felicia,Pierce,female,617-823-9028x58884,andrewmccann@hotmail.com,&lumzDAe80
51,Ronnie,Martin,female,+1-150-189-6192,jessicaporter@banks.com,f3ZbKMfG!B
52,Melissa,Young,male,(547)041-0637,ryangonzales@ellis.info,*2QwvdGT#I
53,Pamela,Turner,male,756-769-3877,lisa93@meyer-smith.com,)9*Iqookh6
54,Tristan,Jackson,female,001-545-483-6207x9915,aroman@hotmail.com,(5ocAZIEp0
55,Derek,Simmons,female,001-266-953-2009,jeremyprince@patterson.com,(l60V8Yyq$
56,Cindy,Olson,female,(336)422-7614,egonzales@kelly.net,d6M19WKT$w
57,Christopher,Taylor,male,+1-964-599-4624,valenciarodney@alexander-salazar.net,*eA4SrbINz
58,Donald,Eaton,male,840.841.3597,jonathan33@brown.com,$c0I_h@oWV
59,Carol,Rogers,female,092.043.8702,smithmaria@gmail.com,iAAIYQtq^2
60,April,Smith,female,414-667-7864,colekimberly@gmail.com,!9SWsjwbf0
61,Amanda,Brennan,female,917.713.5803x870,baileynovak@gmail.com,+5WVCc8P^q
62,John,Velasquez,male,001-597-509-2949x3892,matthewgonzalez@huff-moreno.com,CNO)0sWxfK
63,Joseph,White,male,6067513124,michaelwalters@johnson-rocha.com,%4PfnTjNLD
64,Tommy,Simpson,male,+1-522-507-8711x63268,moorechristopher@gmail.com,G^93tGhl*+
65,Toni,Young,female,766-338-4974,kjohnson@yahoo.com,+2n&Nsbv6V
66,Daniel,Bowers,male,001-043-144-2237x828,zhenderson@yahoo.com,7UR1krer+@
67,Natalie,Kelley,male,883.958.1667,nicole56@hamilton-friedman.biz,y_T^AXoa%7
68,Tiffany,Bryant,female,+1-478-440-5280,gonzalespeter@hotmail.com,##p70EdPYT
69,John,Johnson,female,(759)195-0211,hlopez@west.com,Os2VUz!U*h
70,Sarah,Lynch,female,(767)438-7403,jordanwilson@alexander.com,c&tNW6Aas0
71,Jason,Terry,male,(396)142-1522,jasoncarroll@gmail.com,$)WX&IRxK7
72,Tony,Johnson,female,701.836.1375,davidguerrero@gmail.com,)8X@!xFgPt
73,Bryan,Castaneda,male,+1-837-852-0863,fmclean@dominguez-cannon.org,&mW9OZyXwZ
74,Michael,Gonzalez,male,(011)465-8609,lisahenry@yahoo.com,9DILoU6a+3
75,Chad,Williams,female,(344)559-2660x30622,baxterdaniel@jones.net,jB56HSkp(!
76,David,Ortega,female,(120)147-5436x27317,scottjohnson@yahoo.com,)bD0Zqvt^3
77,Michelle,Maldonado,male,001-075-400-8416,franklin79@yahoo.com,22VStdqP!x
78,Scott,Gillespie,male,(500)671-3199,krichmond@hotmail.com,*6SZrpG()k
79,Kyle,Hoffman,female,491-493-3342x30643,patriciagomez@richards.com,ac6b*N_w*5
80,Christopher,Miller,female,991-767-9950,michelle65@gmail.com,8LOyrKrf@2
81,Stacy,Harrington,female,(957)349-6183,christine08@morales.biz,2waONiZ8#S
82,Ashley,Wells,male,849-902-7708x35846,matthewmaxwell@gmail.com,&Y8WGPdF!n
83,Keith,Lowery,female,729.745.8731x6552,jeremyparker@hotmail.com,bb8DA*d)+(
84,Jessica,Horton,female,001-320-661-5222x723,christopher51@yahoo.com,cJS0VKGbS(
85,Richard,Bailey,female,001-993-249-8153,juliarandall@yahoo.com,&UP8zXrsg2
86,Christopher,Johnson,male,001-038-720-6056x67170,kreese@yahoo.com,*9DUuzoZ@m
87,Cody,Bell,female,+1-147-869-6167x71696,tanya66@yahoo.com,jN1%4N@fN0
88,Lauren,Tran,female,+1-436-299-0538x73338,nguyenamanda@yahoo.com,(6SOdK+yu4
89,Melanie,Fernandez,male,891-482-9923,ystanley@davidson.net,#3*DPd$kR%
90,Jon,Ward,male,(216)559-7589,sara04@hotmail.com,s$fg8nNzY6
91,Anthony,Santos,male,+1-399-482-8444x57857,castanedarebecca@walker.com,@6IATrgM0o
92,Caitlyn,Baker,male,+1-433-019-9139x472,bgibson@robinson.com,+7Z@RMSeC%
93,Randy,Jones,male,691.902.3089x98277,cynthia36@zimmerman-hall.com,h)Ty1Lvp2G
94,Mr.,Gregory,male,443.200.5212x357,powersshawn@hotmail.com,f9QqYu$R(S
95,Mark,Escobar,female,329.115.6557,christopher66@hotmail.com,)6HpuzLb)W
96,Brandon,Vazquez,male,+1-661-765-2374,vcurtis@yahoo.com,+_iLowr$6B
97,Christopher,Stewart,female,001-866-577-6926,paultrujillo@hotmail.com,&L8Duyid^$
98,Mr.,Johnny,male,001-045-545-7009x23621,cmason@vance-short.net,%!5*TdYCZk