doctor_id,first_name,last_name,gender,phone_no,email,password
0,Lisa,Ross,female,622-052-4459x230,wwhitehead@chung.com,f_(8ZU6qy&
1,Brian,Carpenter,male,967-442-6847,shannon79@gmail.com,73OQ4oMI_4
2,Nancy,Fitzpatrick,female,(241)612-5203x433,christopherwilson@hines.com,$N7ADyY2dm
3,Jason,Harris,male,927.639.0802x7707,gdaniels@hotmail.com,H@K5mMDvo7
4,Benjamin,Hamilton,female,062.691.5951,hillbrittany@murphy.com,4x(Hd_RV(1
5,Colleen,Smith,male,(529)155-6494x2979,zachary08@gmail.com,C*4C9ZE30l
6,Kristine,Reyes,female,001-578-053-1815x30130,murphyemily@gross.info,Yg5BielY(c
7,Dorothy,Carter,male,+1-926-394-5759x148,sarahlee@myers.org,#0LrICAsj2
8,Jill,Moore,female,+1-911-191-6289x3345,nicholaspratt@williams.com,RbFZ4aK)+9
9,Brittany,Robinson,female,+1-667-773-0515x50893,wperez@yahoo.com,fj_P4VUkE@
10,Deanna,Luna,male,(687)852-6152x3305,ashleycraig@reed.com,MME6Odb$*3
11,Sandra,Rodriguez,male,682-963-4788x12833,adamdavis@gmail.com,%CRVHKq9w3
12,Krista,Russo,female,+1-655-528-6441,thompsonsummer@wood.net,fG(5Rr(S4@
13,John,Cruz,female,570-048-5479x547,amberparrish@gmail.com,47HBmdqb*T
14,Elizabeth,Chen,female,(767)309-6309,halebrendan@gmail.com,r3n4VZy*V!
15,Jacqueline,Turner,female,+1-434-159-3556x0248,dhamilton@ryan.org,$@I!8HmsfO
16,Tammy,Howard,male,(811)374-7148x7590,powellthomas@perez.biz,nOt!t8OnIh
17,Mrs.,Michaela,female,297.612.7840,vincentharris@hicks.com,(30W3Buq9X
18,Barbara,Campbell,male,281-461-3713,jane87@gmail.com,9v@2pVis)7
19,John,Bender,male,390-945-5748,hollowayjoshua@yahoo.com,*V8PxK6aHJ
20,Gregory,Young,male,983.365.3147x895,allen68@yahoo.com,%0w8dBYO#e
21,Stanley,Miller,male,5566891940,mcraig@hotmail.com,OpJp1j3e*7
22,Jennifer,Brown,male,831-522-1650x417,hbraun@gmail.com,@5PfypKn6e
23,Amy,Leblanc,female,118-123-5733x4522,fowlerkim@lee.biz,o2SqH%ng)+
24,James,Smith,female,870-711-9077x5782,larakaren@yahoo.com,@GV)nvXu8e
25,Eric,Hart,female,114-479-3898x654,loganwhite@williams.info,%(urf1EdOh
26,Sarah,Herring,male,(856)641-2454,nielsenjessica@davis.com,t&#0yZZvIV
27,Ellen,Romero,female,(538)643-4620x662,hernandezmichael@gmail.com,8$im9Q(saf
28,Andrew,Owen,male,5849945565,wendyreynolds@yahoo.com,&s#33Mwn7%
29,Charles,Lewis,female,477-627-9057,ysalazar@martinez.com,%nYGzAN$2M
30,Christopher,Pugh,female,007.380.7089x837,coopercatherine@hotmail.com,!8lAJt@Uw1
31,Ms.,Rhonda,male,972-049-8156x129,michaeldavis@yahoo.com,dw9gZ0r9v$
32,Mike,Taylor,male,+1-365-007-8128x5319,garydaniels@gmail.com,z7tWq(@w#7
33,Jeffrey,Wright,female,001-271-513-6959x586,wstevens@salas.com,j$5tKwiO#Y
34,Kenneth,Acosta,male,+1-357-871-6696x240,kgonzalez@reed-smith.info,62CoU)n2&H
35,David,Johnson,female,643.015.4797,robinsonashley@cruz.com,u1BR8MgC(K
36,Felicia,Cobb,female,(109)245-5416,rmoore@gmail.com,2a@i79tw#K
37,Michael,Reeves,female,+1-620-847-1361x13424,lsmith@gmail.com,&9bP+sNxcT
38,Emily,Ramirez,female,736-411-8386x4728,garciaemily@gmail.com,fAM2d&Y!&2
39,Bryan,Mclaughlin,male,516.072.4843x41700,elizabeth89@hunter.com,C#)4Nun93E
40,John,Goodman,female,001-351-774-5286,walkersherry@foster.info,I80FUtXq!I
41,Stacy,Lester,female,(145)924-7517,julieguzman@gill-white.org,x9Zuv&Rk#p
42,Charles,Wilson,male,(832)321-9887,samuel84@henderson.com,_YR^BvNd7A
43,Lisa,Young,female,500-946-1422,vcasey@griffin.com,2@0ZJPfpML
44,Krista,Edwards,female,+1-163-258-7951x187,audreysellers@hotmail.com,)2YMLt3Y$%
45,Jeremy,Allen,female,739.446.8626,john15@blanchard-turner.org,*nErY)m@Q9
46,Olivia,Simon,female,+1-696-550-7498x360,mgilbert@carson-butler.com,jsq(5Qwkfk
47,Rodney,Love,female,(532)771-8075,sellersashley@wilson-frost.com,Dr6x#FBcY!
48,Heather,Kennedy,male,(474)064-0564x70466,jamiegibson@yahoo.com,&6+ME*vbtV
49,Brian,Wagner,female,+1-074-898-0585x594,mary19@carter-payne.com,f$Bt*8vG%5
50,Felicia,Pierce,female,617-823-9028x58884,andrewmccann@hotmail.com,&lumzDAe80
51,Ronnie,Martin,female,+1-150-189-6192,jessicaporter@banks.com,f3ZbKMfG!B
52,Melissa,Young,male,(547)041-0637,ryangonzales@ellis.info,*2QwvdGT#I
53,Pamela,Turner,male,756-769-3877,lisa93@meyer-smith.com,)9*Iqookh6
54,Tristan,Jackson,female,001-545-483-6207x9915,aroman@hotmail.com,(5ocAZIEp0
55,Derek,Simmons,female,001-266-953-2009,jeremyprince@patterson.com,(l60V8Yyq$
56,Cindy,Olson,female,(336)422-7614,egonzales@kelly.net,d6M19WKT$w
57,Christopher,Taylor,male,+1-964-599-4624,valenciarodney@alexander-salazar.net,*eA4SrbINz
58,Donald,Eaton,male,840.841.3597,jonathan33@brown.com,$c0I_h@oWV
59,Carol,Rogers,female,092.043.8702,smithmaria@gmail.com,iAAIYQtq^2
60,April,Smith,female,414-667-7864,colekimberly@gmail.com,!9SWsjwbf0
61,Amanda,Brennan,female,917.713.5803x870,baileynovak@gmail.com,+5WVCc8P^q
62,John,Velasquez,male,001-597-509-2949x3892,matthewgonzalez@huff-moreno.com,CNO)0sWxfK
63,Joseph,White,male,6067513124,michaelwalters@johnson-rocha.com,%4PfnTjNLD
64,Tommy,Simpson,male,+1-522-507-8711x63268,moorechristopher@gmail.com,G^93tGhl*+
65,Toni,Young,female,766-338-4974,kjohnson@yahoo.com,+2n&Nsbv6V
66,Daniel,Bowers,male,001-043-144-2237x828,zhenderson@yahoo.com,7UR1krer+@
67,Natalie,Kelley,male,883.958.1667,nicole56@hamilton-friedman.biz,y_T^AXoa%7
68,Tiffany,Bryant,female,+1-478-440-5280,gonzalespeter@hotmail.com,##p70EdPYT
69,John,Johnson,female,(759)195-0211,hlopez@west.com,Os2VUz!U*h
70,Sarah,Lynch,female,(767)438-7403,jordanwilson@alexander.com,c&tNW6Aas0
71,Jason,Terry,male,(396)142-1522,jasoncarroll@gmail.com,$)WX&IRxK7
72,Tony,Johnson,female,701.836.1375,davidguerrero@gmail.com,)8X@!xFgPt
73,Bryan,Castaneda,male,+1-837-852-0863,fmclean@dominguez-cannon.org,&mW9OZyXwZ
74,Michael,Gonzalez,male,(011)465-8609,lisahenry@yahoo.com,9DILoU6a+3
75,Chad,Williams,female,(344)559-2660x30622,baxterdaniel@jones.net,jB56HSkp(!
76,David,Ortega,female,(120)147-5436x27317,scottjohnson@yahoo.com,)bD0Zqvt^3
77,Michelle,Maldonado,male,001-075-400-8416,franklin79@yahoo.com,22VStdqP!x
78,Scott,Gillespie,male,(500)671-3199,krichmond@hotmail.com,*6SZrpG()k
79,Kyle,Hoffman,female,491-493-3342x30643,patriciagomez@richards.com,ac6b*N_w*5
80,Christopher,Miller,female,991-767-9950,michelle65@gmail.com,8LOyrKrf@2
81,Stacy,Harrington,female,(957)349-6183,christine08@morales.biz,2waONiZ8#S
82,Ashley,Wells,male,849-902-7708x35846,matthewmaxwell@gmail.com,&Y8WGPdF!n
83,Keith,Lowery,female,729.745.8731x6552,jeremyparker@hotmail.com,bb8DA*d)+(
84,Jessica,Horton,female,001-320-661-5222x723,christopher51@yahoo.com,cJS0VKGbS(
85,Richard,Bailey,female,001-993-249-8153,juliarandall@yahoo.com,&UP8zXrsg2
86,Christopher,Johnson,male,001-038-720-6056x67170,kreese@yahoo.com,*9DUuzoZ@m
87,Cody,Bell,female,+1-147-869-6167x71696,tanya66@yahoo.com,jN1%4N@fN0
88,Lauren,Tran,female,+1-436-299-0538x73338,nguyenamanda@yahoo.com,(6SOdK+yu4
89,Melanie,Fernandez,male,891-482-9923,ystanley@davidson.net,#3*DPd$kR%
90,Jon,Ward,male,(216)559-7589,sara04@hotmail.com,s$fg8nNzY6
91,Anthony,Santos,male,+1-399-482-8444x57857,castanedarebecca@walker.com,@6IATrgM0o
92,Caitlyn,Baker,male,+1-433-019-9139x472,bgibson@robinson.com,+7Z@RMSeC%
93,Randy,Jones,male,691.902.3089x98277,cynthia36@zimmerman-hall.com,h)Ty1Lvp2G
94,Mr.,Gregory,male,443.200.5212x357,powersshawn@hotmail.com,f9QqYu$R(S
95,Mark,Escobar,female,329.115.6557,christopher66@hotmail.com,)6HpuzLb)W
96,Brandon,Vazquez,male,+1-661-765-2374,vcurtis@yahoo.com,+_iLowr$6B
97,Christopher,Stewart,female,001-866-577-6926,paultrujillo@hotmail.com,&L8Duyid^$
98,Mr.,Johnny,male,001-045-545-7009x23621,cmason@vance-short.net,%!5*TdYCZk
99,Catherine,Taylor,female,001-777-773-7419x792,yatesjeremy@yahoo.com,cgN1XWv5Q!
100,Victoria,Lee,male,+1-671-846-9382x309,zhanna@anderson.com,#3yTJm)#MT
101,Logan,Greene,female,896.516.2559x0297,ronaldrhodes@yahoo.com,sOaJ8TE8&7
102,Marie,Holland,male,5081920208,jennypierce@hotmail.com,@7(E8)Hs21
103,Ellen,Evans,female,887.333.4893x4174,ohenry@alvarado.org,2ev05V+g$P
104,Brandon,Vazquez,female,+1-215-480-2236,vancedavid@hotmail.com,6_g7PTv0^T
105,Robin,Gray,male,193.145.1173,kelly95@foley.biz,#C9WgrMFo%
106,Danny,Orr,male,(084)631-2857x3465,pford@vance-koch.com,DFCKs+SV!2
107,Benjamin,Kline,male,1250468544,brandoncoleman@holland-anderson.biz,23a9I2yC$(
108,Shane,Keller,female,(439)680-0797x51999,ygonzalez@yahoo.com,aI6Mgsvs^*
109,Marie,Jones,male,(135)104-7512,jessica46@wheeler.com,e&uW%3Br^^
110,Courtney,Alexander,female,154.653.9176,michael90@gardner.com,x+8(9MccFG
111,Angela,Willis,female,2705615648,sjames@yahoo.com,)G9T7lPD*W
112,Bailey,Velasquez,male,466-903-9499x9729,timothy30@reynolds.org,$pr52F0c!X
113,Travis,Smith,male,+1-089-970-6570x5504,stokessharon@gmail.com,!QJEM_y^E9
114,Denise,Boyd,male,(807)016-0126x3419,jacksontammy@yahoo.com,(haHmY2ev9
115,Kimberly,Li,male,+1-757-441-0434x98491,nmason@smith.org,@wsLs&Zet7
116,Stacy,Douglas,female,+1-513-472-2400,seanthompson@bush.com,Ch2dXfJc!g
117,Alexis,Lang,male,297.647.8966,edward03@hotmail.com,&vYFig)DF4
118,David,Romero,female,290.071.4300,zacharystevens@ayala.com,8vjMLai0*p
119,Victoria,Ramirez,female,891-165-9969x454,timothytaylor@jones.net,PX*2(5Ir1F
120,Chloe,Gardner,female,001-725-773-7313,adamsaustin@gomez.biz,v0_o^xdo)G
121,Philip,Preston,male,(225)827-9072,maria27@yahoo.com,_4hANzS1Qg
122,Daniel,Price,male,(732)981-9774x8532,alexanderalvarez@fox.biz,#6^bF_%a+V
123,Karen,Perry,male,+1-496-588-4693x512,nicoleshah@gmail.com,*4VpYI0dFt
124,Denise,Decker,female,(958)327-5491,idennis@yahoo.com,okqBu1yI+5
125,William,Garrett,male,753-685-5114,ashley88@jones-ruiz.com,ZEJL!AGn#2
126,Natalie,Smith,male,622-337-9426,tsmith@hodge.com,e(30RYl$w3
127,Johnny,Sanchez,male,306.711.1112,cjennings@allen.com,!+N7bDcbEI
128,Raymond,Young,male,598.469.9413x581,albertdean@king.org,_fPprkZJK8
129,Marisa,Hatfield,female,+1-403-580-2392x488,kyle38@boyd-george.com,^)Z6g3hkTU
130,Matthew,Hanson,female,(611)128-2214,angela54@mclaughlin.net,uVjs@Mtf_8
131,Joshua,Hernandez,male,863.693.2053,umoody@serrano-garcia.com,)v9tGSvs59
132,Ashley,Clayton,male,+1-417-224-0325,carpenterchelsea@yahoo.com,L7Uedcyo)3
133,Sarah,Rivers,female,443-061-5301x8745,kari17@collins.org,b%1RNNRFtr
134,Robert,Perez,male,686.617.3776x6266,romeromadison@roberts.net,D2DvhqPd+*
135,Rebecca,Morris,male,009-760-9637x5187,rosarioalexandra@nunez.com,z6PYhO(c^r
136,Jeremy,Berger,male,(751)905-1106x61966,hernandezdana@yahoo.com,@@sIH6IvD(
137,Carrie,Jones,female,001-775-053-8087x3840,houstonlaurie@jacobs.com,&C2Tc0i_0L
138,Sheri,Morrison,female,(609)868-7141,michelle12@hotmail.com,GqM!6NmacQ
139,Jessica,Jones,male,692-587-2185x869,adamsashley@hotmail.com,*6$Ql5o@#C
140,John,Phillips,female,915.163.8342,fernando96@hotmail.com,57(1kKug^J
141,Richard,Middleton,female,(970)474-1659,hulldonna@hotmail.com,4gZMxJnb!(
142,Tricia,Greene,male,851-792-5572x5026,nguyenholly@wilson.com,R)PnUVwZ*8
143,Jonathan,Cooper,female,352.469.1632x347,barbararitter@woods.info,Y1GNBSXq^$
144,Gabriel,Conley,female,+1-048-234-3152x16425,garciamaurice@yahoo.com,nrAr7Ajzm+
145,Sandra,Ferrell,male,+1-873-478-2757,matthewthompson@hotmail.com,#b7QvQszu8
146,Elizabeth,Ashley,female,1291127324,megan21@hotmail.com,!0IdNc1udq
147,Emily,Bullock,male,+1-007-352-8816x40743,lopezcrystal@yahoo.com,$H3YHSkc+l
148,Samantha,Schneider,female,237-637-3546x02752,diana83@price-hall.com,jbg#3HXun6
149,Tracy,Pierce,male,+1-595-936-0208,mary51@bauer.com,Y5MEgmsx^9
150,Donald,Phelps,female,001-303-028-7133x1271,gwilkins@hotmail.com,)C4qioCqDW
151,Luis,Jackson,female,(412)426-7037x0787,hsantiago@yahoo.com,g2c4O)#l!*
152,Frank,Mitchell,male,717.521.2026,zbrowning@wolfe.com,Y^2nLrnoOy
153,Christina,Marshall,male,684-003-9881x686,gonzalezvictoria@villa.com,#@18LhRn#T
154,Craig,Lee,male,656.403.9322x79656,tonya97@hogan.info,*9qByqBrXD
155,Jeffrey,Alvarado,female,001-892-681-8005x97654,haysangela@stephens-weaver.com,(JV@keRLR7
156,Erika,Tucker,male,4614450359,milleranita@gordon.com,2iyKCnPL^6
157,Karen,Thompson,female,(181)903-4743x64180,melissalandry@gomez-mills.com,ir0Ot&y5o$
158,Carla,Singleton,female,+1-273-209-0324x41168,allen82@yahoo.com,BdPWjM#z$4
159,Christopher,Howard,male,2419088576,haleybond@gmail.com,Uh1b7SjWF$
160,Sheri,Blackburn,female,251-341-5924x34399,hjimenez@hotmail.com,o9Z&b6Go_d
161,Amanda,Crawford,female,(064)336-4726x99272,natalie27@diaz.info,&r2_(R5iO^
162,Jesse,Hartman,male,(199)770-2271,jonathanpadilla@yahoo.com,^nTuB6$t+8
163,Amanda,Sanders,male,(759)929-3217x29574,jennifer55@hotmail.com,54OScAFT_J
164,Matthew,Rivera,female,+1-235-496-7071,ashley67@hall.org,+*5A4Opi9A
165,Emma,Harvey,female,+1-096-972-0250,nicole20@gmail.com,T6kxbWgV%t
166,Amy,Taylor,male,8124575801,anthonywilliams@lane.info,(7OsOGxgpr
167,Anna,Kim,female,508.403.3783,jgalloway@griffin.info,+3Q6fmue*c
168,Eduardo,Castillo,male,001-047-200-1606x2513,justinhampton@harper.com,0S5SPzH^o*
169,Adam,Gonzalez,female,001-391-749-2663x2133,gilbertwall@burch.com,)Q7Dy5+&@Q
170,Joseph,Kerr,female,106.149.5682x10399,nsalazar@gmail.com,vF47Aj)v#Y
171,Barbara,Henderson,male,+1-284-851-7136x737,esnyder@yahoo.com,i0DK7VKJ&N
172,Douglas,Porter,female,+1-874-903-5869x360,angelaaguilar@shaw.org,*N9onA0d#E
173,Curtis,Freeman,female,(170)853-9284,amandakim@collins-snyder.com,#_LnTGk4n3
174,Christopher,Hernandez,male,(120)110-9525x2099,taylorvictoria@gmail.com,#9dVFZslSs
175,Austin,Cole,female,001-659-113-1269,duffyclayton@yahoo.com,q#2XMygfw3
176,Brett,Miller,female,(618)043-7281,ephillips@yahoo.com,&+Fnqc1034
177,David,Foster,female,539-905-3858x077,stewartnicholas@hotmail.com,%2r6K5u^+8
178,Michael,Ortiz,female,116-906-3056x463,logancoleman@yahoo.com,o*Xg5%XzOw
179,Douglas,Ortiz,female,732-788-0383,kevinbarton@yahoo.com,!gZ47BufKd
180,John,Martinez,female,894-219-2466x815,sarahsmith@barnes.com,^wHALqEq9o
181,Michele,Rios,female,799.369.5201,akelly@yahoo.com,QWvwtFBn+5
182,Brian,Gilmore,male,058.406.3026,sarapollard@morales.biz,g6MqV^Z&+q
183,Jane,Johnson,male,338-611-3141x063,mary59@munoz-gonzalez.com,%e4Br$2%E&
184,Wendy,Bentley,female,(544)809-6890x89929,mary67@ponce.org,*gJ(uea0w7
185,Dana,Webb,female,222-855-8709,twalker@gmail.com,^DhUvwOO*6
186,Lynn,Nolan,female,524.002.2370,kcurtis@stevens.net,$A_UlO1ud6
187,Brian,Smith,male,188-273-8935x51658,lisasanders@gmail.com,SQsm7X3fu(
188,Kelsey,Reynolds,male,(563)183-8235x3372,larryfitzpatrick@gutierrez.net,)1FsOwjrPP
189,Jason,Rivera,female,6541435554,donna80@yahoo.com,9yeFEsd($0
190,Briana,Hale,male,001-954-510-3335x51461,campbellheather@yahoo.com,iL1QhL8b$W
191,Janet,Richardson,male,001-354-365-6469x320,brettfisher@james.com,lE@#2lZgN4
192,Ashley,Gomez,male,557.289.5497x80283,wnash@gmail.com,_1D0ICuxXX
193,Joshua,Morton,female,(969)610-6472x0077,cstevens@hester.com,$PwxGdV39y
194,Miss,Sue,male,(611)320-0445x40167,jasonschultz@moore.com,1+4NrPdVF*
195,Jessica,Hampton,female,184.999.0689x24619,whitetimothy@hotmail.com,f+US3)4ijU
196,Barbara,White,male,614-452-2012x614,trevorbrown@guerra.com,!vNHVqxlc6
197,Mandy,Brown,male,(251)845-6372,gregoryrichard@brewer-james.biz,a5WxCd2j#1
198,Katie,Lawson,female,9352604250,leviclay@hotmail.com,f^8r+5BvEj
199,Pamela,Ho,female,211-756-5565x45011,jgreene@stephens.com,R5ZWf%ia#1
200,Michelle,Smith,female,+1-964-344-8462x70819,thomastheresa@hotmail.com,Y#$FG3OwTG
201,Brad,Joyce,male,(077)786-6691,marissahicks@gmail.com,kv(08yMrOI
202,Jeffrey,Holt,male,306.527.9770x087,mhickman@yahoo.com,g&882LEj%U
203,Jonathan,Murphy,female,(765)997-0531,smithjessica@gmail.com,uB8MRvli+V
204,Julie,James,female,(759)065-8234,kimberlydiaz@gmail.com,M7oKNOxg*9
205,Victor,Hernandez,male,2321247945,matthewrodriguez@yahoo.com,&%))0KQhxG
206,Matthew,Leonard,male,345.979.7348x79171,joshua62@hotmail.com,#b7*F8o6WT
207,Monica,Rivas,female,001-602-639-6527x849,isaac06@yahoo.com,(8bIJ$fui&
208,Sara,Mcdonald,female,423.372.2447x9808,huntamy@hotmail.com,JP)!V4Gtxr
209,Maria,Rivera,female,2550691437,ibarrett@hotmail.com,@7%8TXur2G
210,Tyler,Johnson,male,(153)640-3459,reidchad@delgado.net,W$Jmm5WaTv
211,Theresa,Buck,male,212.317.3609x0709,johngreer@brown.biz,_4NJ!wdBT0
212,Regina,Cochran,female,261-091-6494x24256,amandadavis@gmail.com,U&J&5PZgLz
213,Scott,Davidson,male,272.846.8755x270,johnsondustin@hotmail.com,36skFY38%a
214,William,Brewer,male,001-581-272-0200x7030,bradshawgeorge@yahoo.com,!0Jdqtdu$!
215,Ann,Rivera,male,192.088.2295x7559,vbyrd@gmail.com,xe$9ELOtUc
216,Steven,Larson,male,837-936-6227x8919,dfoster@gmail.com,I0P67Pfy&C
217,Alexis,Bennett,male,(041)204-1879,fwalker@shaffer.com,u_7qKaStpi
218,Denise,Ellison,female,001-255-388-8961x97114,william43@hayes-estrada.com,W^21XuWwK%
219,Joseph,Griffith,male,+1-493-477-2249x8954,arthur96@hubbard.biz,h+5NOOj&@i
220,Shannon,Gamble,male,+1-665-778-3310,millerbrandon@yahoo.com,^Y8T(8ym!(
221,Martin,Scott,male,078-050-0912,murphyjose@yahoo.com,#n@LWFrk!1
222,Amanda,Nunez,male,0762266114,qmorrow@oconnell.net,!q6D8(Mj2U
223,Cameron,Thompson,female,803-895-6784x36879,aconley@hotmail.com,+t59OGabpe
224,Christine,Deleon,male,+1-595-271-6198,davidgreen@gmail.com,baIge6L@@7
225,Sandra,Myers,female,571-897-5125,jharris@davis.com,)^0El5h)yC
226,Amber,Gibson,female,(741)290-9892x106,smithamy@miller-vasquez.com,_8D4w6F*$(
227,Catherine,Nielsen,male,825.095.1740,allisonjackson@warner.com,+#m80Rxu*G
228,Elizabeth,Brown,male,(504)495-3312x8049,gregory08@carey.info,_5Ii66Io6C
229,Matthew,Bailey,female,293-484-5795x94822,hannahthompson@cross.biz,*eG3g%xGu6
230,Amy,Walters,male,092.154.4439x1485,campbellpamela@cruz.info,()Xn2Hc_*j
231,Sean,Parker,male,452.267.2272x423,jerrymartinez@gates.com,f9G*WvaQ&D
232,Dana,Curry,male,(814)309-1216x07301,zshort@yahoo.com,%yj84PKkS1
233,Connor,Sutton,male,(243)474-0182x4671,willischristine@cross-beasley.com,J4)iZdJo^c
234,William,Blair,male,563-501-8608,dwilson@hernandez.com,^9EM^xFft8
235,Cynthia,Thompson,male,(570)000-4814,trodriguez@ramos.com,V&i9IGisai
236,Thomas,Lopez,male,+1-430-355-3743x352,brian86@gordon.com,IN0gzNx6O^
237,Kyle,Garner,female,001-817-567-6971x1452,stevensscott@gmail.com,E%d2I&j^B&
238,Timothy,Spence,male,+1-295-420-0884x631,chandlermichael@callahan.com,S5W8)Whd(+
239,Kim,Bentley,male,1710537901,jtaylor@gray.org,c3nzIYl7+O
240,Tyler,Warner,male,001-407-333-6361x898,johnsonrobert@brown.org,p20$kYgm!!
241,Anthony,Johnson,male,693.258.7963,odommichael@blair-padilla.com,0)E71Hf8N_
242,Ms.,Carla,male,001-093-669-0730,briananderson@turner-weber.net,*Z18UjT78k
243,Holly,Cortez,male,092-044-5841x2005,yayala@garcia-ortiz.com,(1K7v)cp5K
244,Ralph,Scott,female,001-997-492-0680x54284,virginiabrown@grant.com,2v(8ySzx#^
245,Rebecca,Holloway,female,106-746-8882x560,vthomas@yahoo.com,@0uRcKGffa
246,Alicia,Richards,female,001-579-788-4058x21850,tiffany51@gmail.com,GLj6Tyqg%(
247,Ms.,Brittany,male,001-241-870-2639x82228,angela99@davis-harris.net,!6Bjrf5oys
248,Alexis,Taylor,male,(540)376-0918x20845,john11@wilson.com,%2xi2DZvMd
249,Sheri,Esparza,male,929.044.2216x437,martinbarajas@gmail.com,*y0b)FDX%5
250,Penny,Cline,male,0610116528,sarathomas@yahoo.com,L$6CWYikMX
251,Madison,Ball,female,001-812-549-7307x022,brandon93@brown.com,3khL$pmL*f
252,Christopher,Diaz,female,473-036-1807,jameswallace@hotmail.com,+5LjynKyof
253,Anthony,Carlson,male,001-943-418-3979,edwin46@hotmail.com,$VLZlOcH#7
254,Kevin,Miller,female,+1-514-326-0909x8579,howardalec@yahoo.com,Db5fEHEs1@
255,Leslie,Miller,female,038-229-9982x6796,shawnruiz@hotmail.com,t%3WWLOmrf
256,Daniel,Martin,female,221-266-6297x4278,anthonytorres@stone-miranda.com,r)4DN#4DXu
257,Cynthia,Torres,male,+1-760-516-7932x207,richard30@hotmail.com,HYz06Xad_A
258,Abigail,Williams,male,604.006.5141x010,jesse30@hotmail.com,t5sNVrcO#e
259,Stephen,Burch,male,(815)063-1109x3818,christinarodriguez@yahoo.com,8wlEkGjn_1
260,Jennifer,Cook,female,(135)405-2471x91380,kristy58@gmail.com,!%Lt0TkxG*
261,Susan,Jackson,male,001-804-110-4406x54812,kimberlywarren@caldwell.com,%tKIHeA981
262,Scott,Santiago,female,+1-871-862-1381x34067,josephmeza@hernandez.org,@tDgdkKO5w
263,James,Hall,male,928-649-6874x340,david55@yahoo.com,@&5t9RUwcq
264,Casey,Walker,female,001-585-950-1045x499,jasonweaver@anderson-harris.com,ksa2JG@@L*
265,Steven,Martinez,male,125-064-4047x04213,autumn78@garcia.com,@MmV&pWz2X
266,Steven,Lopez,female,5085311761,tmendez@gmail.com,u3LE&#^q+#
267,Shelly,Gordon,female,967-199-9403x3888,brandonsantana@wood.com,f4AhIsa7*#
268,Shawn,Anderson,female,357.839.9109,wrightamy@george.com,A8Hbfaqk&1
269,Jacob,Anderson,male,873.340.5563x947,daltonnicole@gmail.com,YF1VThCD&^
270,Dustin,Arellano,female,(600)349-5634x1289,whitejonathan@yahoo.com,*gQ78Of0p8
271,Tiffany,Tran,female,001-005-452-8685x7076,eschneider@hotmail.com,*b4)u8TknJ
272,Sharon,Park,male,(313)343-6050x2136,zevans@copeland-gomez.com,pk8Vuhs^4!
273,Janet,Ward,male,5731598278,teresabriggs@yahoo.com,7@I8OIP^Vu
274,Anthony,Vasquez,male,001-894-351-7115x63507,gary73@alexander.com,0h5Kz3fXQ$
275,Marcus,Gill,male,001-867-887-8374x895,smithfrederick@hotmail.com,nUVB#D6d#4
276,Paula,Stevenson,male,391.547.7579x9859,rcox@yahoo.com,9BCotiJk+5
277,James,Smith,male,001-095-104-9228x0661,melanie77@meyer-heath.org,_MO0g0Er*f
278,Joshua,Johnson,male,5866419830,stephanie45@anderson.com,syXY*LSh+4
279,Heather,Miller,female,(950)103-2007,mario74@hotmail.com,(a2S^ICqBu
280,Phillip,Lopez,female,+1-234-168-1624x5158,lauren31@gmail.com,Ur1eQivD#X
281,Jimmy,Smith,male,+1-419-437-9478x04793,christina64@sanchez-burgess.com,cg!!3+HrJ0
282,Benjamin,Smith,female,(393)199-6760x50070,travis32@hotmail.com,ox&_0MgD1n
283,Kelly,Bates,female,840-110-6393,whitney68@gmail.com,4J$IMvlh&H
284,Denise,Montoya,male,673.263.9870,mrodriguez@yahoo.com,d@1sS2ruK$
285,Eric,Jones,female,619.003.1128,travisramsey@olsen.com,M51ILrDz+!
286,Gregory,Koch,female,992.801.3574x98695,edwin37@hotmail.com,j7vKZm1J(r
287,Danielle,Myers,female,745.982.4591,aaron46@gmail.com,lp97Ff6o(_
288,John,Ryan,male,001-252-686-7557x784,colejacqueline@hotmail.com,*0TP4WjyQ)
289,Elizabeth,Day,male,(656)636-7204x6686,swilson@page.com,rWmN7a+s_!
290,Christina,Campbell,male,+1-804-839-7914x776,smithcharles@gay.com,vZx6LlKHY^
291,Marc,Lane,female,3904722009,andrew69@riley.com,qBic59Br(t
292,Kelly,Christian,female,5101663647,turnerraymond@yahoo.com,@K)2BVskxe
293,Kendra,Peters,female,745-219-4351,maynardtom@hill-lopez.biz,v*FX4rIaCn
294,Martin,Matthews,female,719.311.9095x3497,april56@ramirez-davis.com,%4JP^WP^Ez
295,Joseph,Jones,female,957.808.0323,william34@garcia.info,$e9LOfi^)Q
296,Jaime,Bullock,male,(618)512-8115x5889,thomas64@gmail.com,)uWE8Dzcl8
297,Jessica,Francis,male,463.038.1230,nicole65@gmail.com,kCMqKBM8+3
298,Carolyn,Bradshaw,female,851.394.3136x9905,mayosharon@yahoo.com,+0bX^3hbC6
299,Jamie,Peters,female,162.540.0433x04562,andreafranklin@hotmail.com,P55suRUt@x
300,Donald,Green,male,924.356.3454,pam70@juarez-barker.com,#00KhIIz)I
301,Jonathan,Maxwell,female,122.813.8233x8655,zjones@walker.com,!aNatFh726
302,Dr.,Bruce,male,741-192-0292x54798,kimberly52@gmail.com,_XsLK4FcEz
303,John,Murphy,male,126-624-8245,melissa99@farmer.com,h&f3UGvt#S
304,Mrs.,Kelsey,male,435-413-9393,joseclarke@yahoo.com,L0Of3@dm)X
305,Julia,Rodriguez,female,(781)682-5052x165,smithkaren@branch.info,DE!MJ(Hl)8
306,Richard,Soto,female,+1-481-480-6659,suarezdavid@hotmail.com,u&$N34r$*M
307,James,Johnson,female,(926)874-0982x6600,jon26@yahoo.com,wb2nKOjei*
308,Jared,Stuart,male,264-257-1587,lynnbryant@hart-miranda.com,_K5o6CwUqA
309,Paul,Smith,female,001-610-432-6683x012,ryan35@gmail.com,+zkBvYCm6+
310,Deanna,Cohen,female,001-050-562-1645x682,smartinez@yahoo.com,tMH9LpnYD#
311,John,Fox,female,001-876-364-0056x3436,tracynguyen@hotmail.com,M(94WAn(eq
312,Shannon,Price,male,842.427.6438,uharris@gmail.com,XM&6U7xtk&
313,Matthew,Robbins,male,103.066.7041,dbarker@hotmail.com,(5XNjD0G(S
314,Patricia,Fowler,male,001-049-360-0824x7930,louismarshall@thomas.com,402THCpH!1
315,Janice,Holland,male,001-613-752-1996x698,meganmartinez@williams.com,d9*K2TwzdN
316,Cathy,Wright,female,(181)860-7958x953,deanna90@yahoo.com,@LEFh1@m_5
317,Jennifer,Flores,female,3963321902,ariel88@hotmail.com,fcL*8WHoV&
318,Cynthia,Rogers,male,717.155.4941x524,pattersonfrank@gmail.com,G(P0^v*j#7
319,John,Hamilton,male,597.005.2153x29070,pzuniga@hotmail.com,J^$w59$p+M
320,Ronald,May,female,001-718-338-9533x24427,rodney84@yahoo.com,4PRd0PeMQ_
321,Phillip,Jones,male,516.891.3544,xfreeman@yahoo.com,56TGIG&(&j
322,Kristin,Mccullough,male,+1-118-843-9151,usingh@phillips-davis.com,_6LqaNTozi
323,Jeffrey,Chase,male,001-645-078-4067x499,ojames@lee.com,w25rtZuv@L
324,Andrew,Thompson,female,+1-442-667-3905x09945,zandrews@yahoo.com,@)xW6RnxKW
325,Steven,Joseph,female,(474)041-8606,mary16@hotmail.com,K3uzTgUu^@
326,David,Maddox,female,436.198.4741x5176,stevenpowell@torres.net,x1Am&TZw^x
327,Erin,Mccarthy,male,310.717.7791x870,kyleandrews@gmail.com,3MnIJi+j$v
328,Michael,Martinez,male,001-534-422-0849,andresanders@holland-johnston.com,xBRirjTs&9
329,Scott,Odonnell,female,(330)688-6970x8114,rochamartin@gmail.com,J%4)L)izYO
330,Danielle,Wright,male,(013)024-5758x423,nicholasmartin@gmail.com,@q3oGcM^B!
331,Jaime,Wood,male,+1-692-173-3107,julia27@hotmail.com,)0jhVVZseI
332,Nicole,Pierce,male,875-545-1130x79702,danny23@valentine.com,#0&D76i%aq
333,Joshua,Thomas,male,552-565-1518x76335,jennifertorres@yahoo.com,1!8Zsuow)2
334,Julie,Rivera,female,403.370.6899x32350,luis76@hotmail.com,%vOSCG_W9H
335,Sharon,Ortiz,male,903.766.6757,destinyhanson@johnson.com,U%4JDudzZ#
336,Adam,Barnes,male,+1-360-071-9436x311,taylorjocelyn@hotmail.com,w9K9OchGX*
337,Kathryn,Jenkins,male,001-875-155-4774x335,pearsonruben@hotmail.com,pxN^LwxV$7
338,Margaret,Washington,male,(634)397-5782x784,rsingh@knight.biz,#EPUAOmZ92
339,Douglas,Smith,male,519.871.9807,bishoplori@gmail.com,8!0$i3Jj(T
340,Johnny,Coleman,male,576.008.2721,perrykevin@conrad-smith.com,s76wd$XL*1
341,Regina,Evans,female,(372)844-6133x29828,geraldscott@gmail.com,C^b1Uyes1I
342,Christian,Garrison,male,(116)881-5963,romansabrina@yahoo.com,$rs#4T3pLV
343,Karen,Schwartz,female,987.250.4497,coreyalexander@gmail.com,eu39ImivN&
344,Diane,Jackson,female,(680)255-8327x701,rickyshaw@shaw-lynn.com,#1SiX)LaMY
345,Lauren,Miller,male,001-955-997-0840x0719,hstewart@hotmail.com,^0$BTi#vIO
346,Mallory,Morgan,male,482-957-1311,jennifer91@gmail.com,C+5FTb4o%u
347,Ashley,Chapman,male,428-466-5893x9286,laura84@brown-fuller.com,k5nd4C*V$E
348,Jennifer,Young,male,+1-853-779-0303,chadcollins@hotmail.com,_26Be0p$IF
349,Courtney,Brewer,female,475-325-5587x389,hernandezjason@yahoo.com,n#p9eX5qp@
350,Kelsey,Davis,female,001-745-340-6227x3955,mitchelltravis@thompson-jackson.biz,y8#vDwL2&3
351,Leonard,Sandoval,male,3294906328,justin29@gmail.com,^DFeOqbgl2
352,Ryan,Bailey,female,0025602963,xgonzalez@yahoo.com,^f_G_jJcP2
353,Steven,Walker,female,4232649027,sotowendy@mccall.com,@27Ic%+f1M
354,Eric,Wright,female,637.928.4683x60897,vhughes@yahoo.com,)hZb^zkB0e
355,Robert,Clayton,male,900-165-1564x5438,wbrooks@hotmail.com,mBo9M@aA&5
356,Kim,Fry,male,(580)701-3533,colemandavid@yahoo.com,VLx4Et7#&f
357,Tim,Peters,male,195-036-6896x023,jessicaweaver@yahoo.com,RlA%K8Aan6
358,Nathan,Morales,female,(840)724-0523x26143,ktapia@hotmail.com,1GCoQttz(e
359,Mark,Hansen,male,2932253900,pandrews@barron.com,88$wKRwl+1
360,Brett,Moore,male,001-662-537-0730,marilynberger@faulkner.com,er6K_gHR%!
361,Ryan,West,female,001-302-211-1442,charding@richard-scott.biz,&wq$9R^r7J
362,Jennifer,Rose,male,+1-646-480-0777x1405,maryclark@christensen.com,IO#O+4Zln4
363,Karen,Mason,male,021-664-9814,groach@hurley-vasquez.com,#+3n#Nnbs%
364,Michael,Wilkinson,male,+1-210-511-8304x0660,yatesjermaine@gmail.com,_*4AO(Wk4z
365,Rebecca,Pace,female,6180726536,rebeccakennedy@allen.com,&3li&Psb&Z
366,Kimberly,Torres,female,(223)082-4052x65218,perkinstina@hotmail.com,_+2NEy2cxm
367,David,Williams,male,082.426.8876,clinton27@park.net,&8Qh1ZI*iT
368,Michelle,Mason,male,196.465.7912x173,smiller@lopez.net,%8^3ZLxzsL
369,Adam,West,male,(902)771-2254,christianstevenson@mccarty.com,v_8p6KNoel
370,William,Cortez,female,(358)000-3964x7707,tammycarpenter@gmail.com,%L&J%8vMS2
371,Lindsey,Shaffer,male,001-044-109-0700x0912,tyler42@harris.org,&I$%4GYx^v
372,Kevin,Patterson,female,285-588-9089,mking@harvey.com,SN@O0VOy%V
373,James,Garza,female,(241)565-9622x7616,katiepacheco@yahoo.com,4M9O%oIQi(
374,Michael,Fuller,male,9740655479,dennis41@jacobs.com,z!6LZNak0%
375,Stephanie,Mahoney,female,804-305-7201,mmccann@hotmail.com,U2+@X2Tbor
376,Jennifer,Cooper,female,(447)155-0591x4680,ericwright@hotmail.com,$$v0FwZMdF
377,Wendy,Ellison,male,732-666-7277x166,uharrington@cook.com,*$2R3Akz%O
378,Samantha,Lee,male,5591618475,cathy84@yahoo.com,_4Tw9n&myn
379,Michelle,Walker,male,(222)349-1438x556,bradleymiranda@yahoo.com,@pTspdRM4O
380,Matthew,Little,female,422.447.0795,angela34@hotmail.com,gO@G2qDj&E
381,Brittany,Morrow,female,+1-376-197-8773,daniel63@yahoo.com,+b8%4XrjoK
382,Heather,Davis,male,+1-344-152-8396x970,salinasandre@gmail.com,R#mA(6Ty9)
383,Christopher,Walsh,male,411-252-7255x46120,james89@martinez.com,uLV3Z&mn+k
384,Noah,Morgan,female,775-291-4946x12626,alexanderbrooke@hotmail.com,&*8QuJxv)C
385,Donald,Stokes,male,259.724.8059x0142,williamarnold@warner.org,n#1qTc7Wm)
386,Christine,Wallace,female,103-716-2425x563,sherrydudley@brown.net,!9ZdBr24(*
387,Jennifer,Rogers,male,2846858381,murraydennis@yahoo.com,%tkr&FFvA4
388,Maria,Jones,male,(275)401-8996x4279,frodriguez@banks.com,5iVv5juP&1
389,Eric,Mcconnell,male,(984)482-3975x931,urollins@carlson.info,)g18xDn9PA
390,Kristen,Ayala,male,3382762801,henryhoffman@cantrell.info,st!4xiXq%m
391,Denise,Allen,female,(682)674-6187,kristina13@yahoo.com,!9M1FtZjnL
392,Caroline,Short,female,+1-874-082-1911x90508,baldwinkaren@ruiz.com,&6Q5FGf6(q
393,Christine,Cox,female,913-471-1850,erin26@hotmail.com,!)S0NAXJOb
394,Andre,Brown,female,+1-686-131-0376,hhuffman@melton-franklin.com,@7Vh13a1F2
395,Kristin,Campbell,male,(063)707-6768,christopherray@yahoo.com,&0ZiNTW(x1
396,Darren,Townsend,female,049.343.1039x9220,andersonandrea@yahoo.com,+)6gO5_r@&
397,Alisha,Rangel,male,+1-085-313-2973x4997,kgonzales@garcia.net,B56i2Bjh&8
398,Daniel,Thomas,male,263.207.6155,kylelawrence@prince-owen.com,U+o91vAynd
399,Jennifer,Rodriguez,female,(679)774-5887,craigbrown@ferguson-everett.net,)QI9oOlvV*
400,Erin,Ortiz,male,001-158-620-3811x82912,jenna99@hotmail.com,keZzO%%Z(7
401,Jordan,Lewis,female,(700)654-3880x4684,jstevens@weber-pacheco.com,wa3fTqMb&H
402,Tiffany,Thomas,female,(510)317-0140x73845,darren81@gmail.com,L23ImThjP)
403,Megan,Hanson,male,831.432.0439x1871,toddsmith@hotmail.com,2SB$KOm8&6
404,Anna,Patel,female,001-375-688-2112x65763,ssimmons@holland-jones.org,RKL6JU$i_^
405,Sarah,Phillips,female,0420252192,yburch@jones.biz,!n1N6N*Gg&
406,Tammy,Adams,male,342-983-4320x2733,katherineharris@hotmail.com,pO$5PAXkJz
407,Angela,Torres,male,2424344556,richard22@torres.com,jYBQ+kiT^7
408,Jennifer,Avery,female,999.905.9934x75000,marksimmons@davenport.info,&A59N%SvOj
409,Aaron,Wood,female,223-844-4985x3187,benjamin98@gmail.com,FG#26Kax7_
410,Angela,Wilson,male,+1-810-963-4534x943,erin30@gmail.com,y!2CofPw8)
411,Mrs.,Holly,female,694-514-5599,ibarrasarah@smith.com,xv_Y^V(i#2
412,Mary,Allen,female,001-633-213-6009x19423,xthompson@montgomery-williams.com,VHkZgn%U@0
413,Richard,Davis,female,001-632-566-2126x9694,margaret03@hotmail.com,+t6ZZy1l+j
414,Toni,Smith,male,001-214-095-4158,alishabrown@hotmail.com,(0CxL6Wr+_
415,Melinda,Bailey,female,(153)665-3182,uthomas@horn.com,#m4Yv8EZ(1
416,Alexander,Joyce,female,416-930-0123x66882,sbrown@howard.com,!yulbK3A92
417,Melissa,Morrison,female,+1-391-212-5210x37177,ramirezmichael@frank-sherman.com,Bm8L^C_k^o
418,Adrian,Avila,male,(710)538-2271,carlawood@hernandez.com,5014cOxm(j
419,Sandra,Perez,female,+1-779-406-1542x37155,christopher16@gmail.com,*JKXNNmxx4
420,Robert,Thomas,female,+1-182-368-6508x4707,timothysantos@yahoo.com,@MXH4)*z37
421,John,Mills,male,096.299.6914x191,mccluregregory@gmail.com,joem)1Unj_
422,Tracy,Howard,male,844-263-4344,mlong@gmail.com,%1YA+%LdP5
423,Karla,Hernandez,male,001-041-398-6586,adamsjeffery@yahoo.com,VB)Hz681!5
424,Chase,Thornton,female,412.329.9115x8166,curtisjoanne@yahoo.com,@&Fy!2ep(2
425,Ryan,Park,female,+1-108-659-2721,sarahporter@lamb.com,vrwT28WvE+
426,Daniel,Strickland,male,513.754.8555,keithrussell@hotmail.com,SK@P5Em9(h
427,Joel,Reynolds,female,6692015282,zmcfarland@gmail.com,%8HhoG@g49
428,Sonya,Miller,female,381.498.8449x1764,dawn32@gmail.com,7#744KIxh%
429,Gregory,Stephenson,female,(759)038-4287x4995,emily35@yahoo.com,(3mA@vXCCM
430,Francisco,Mccarthy,female,719.080.2079x898,obrown@price-davis.com,x!s3rZSe_I
431,Paula,Myers,female,+1-252-542-3277x45126,erik73@yahoo.com,^xpL)wVLW3
432,Samantha,Lopez,female,555.623.4909,michaelsanders@harris.com,$)!IQtxy8A
433,Caleb,Sutton,female,611-288-5342x4015,yking@hotmail.com,K(H1&THqPU
434,Daniel,Cook,female,0341996981,ykelly@gmail.com,%6S$@tt9fG
435,Penny,Vargas,female,775.652.3531,colleen51@martin.info,^7fDZtr@lR
436,Susan,Moore,female,(274)720-1168,saunderskelly@long.com,F!&R04WiD0
437,Ashley,Barron,female,827.943.9423x3748,heatherwhite@wagner.com,%@H8YC_jrX
438,Summer,Payne,female,(517)119-2454,lauren49@yahoo.com,Uo5QVDdD!9
439,Matthew,Pruitt,male,(250)058-8913x8697,scottchad@mcbride.com,cB7B2dWa)e
440,Sheila,Black,male,(898)007-4428x911,awashington@turner.org,0qpJS7Ij@S
441,Mary,Henderson,female,208-031-2926,ojohnson@yahoo.com,2!1*GPvhE5
442,Robert,Lopez,male,255.562.5812x7610,jonessarah@gmail.com,2Wn3Im4xf)
443,Kathryn,Barber,male,181-137-3857x09993,tina92@roman.com,kktD8Pdej_
444,Brian,Whitney,male,(212)984-1772x9730,jeffreycordova@wong.org,0o0*^ZSn^v
445,Raymond,Caldwell,male,7386973985,travispatton@gmail.com,(dBkqSLTj9
446,Steven,Kennedy,female,336-374-1860,christina12@rosales-lopez.info,D7Iq)oDw@o
447,Amber,Taylor,female,614.160.8972,rosssteven@gilbert.com,&4)BF4Vi#c
448,Ian,Howe,female,688-814-5555x9982,jasmine60@gmail.com,q6%UaLLq*D
449,Tommy,Johnson,male,+1-560-766-7319x048,mcclainkaren@yahoo.com,SS6P0lhf8!
450,Joseph,Torres,male,+1-193-282-1402x26281,betty51@yahoo.com,&9LJS+nmSA
451,Mary,Tran,female,001-818-605-5194,terrellwilliam@nichols-smith.com,mH2fLX$jP*
452,Cody,Hayes,female,001-379-554-1066,saundersjoshua@collins-brooks.com,K3$CDyie+c
453,Mary,Levine,female,806-645-1778x69351,lindayork@fox.com,&7#F@&Ci$!
454,Christine,Keith,male,501.421.3822x21001,williamsfernando@yahoo.com,Y9R(U8FR(q
455,Destiny,Walker,male,001-518-670-4118x7206,katherine51@gmail.com,)a&3H+Pu)w
456,Kelly,Williams,male,070.968.2656x1949,ronaldpalmer@yahoo.com,5t6*SSxbt@
457,Jordan,Garcia,female,+1-156-205-2279x1252,jessica70@mckee.com,)6gS3$nbJR
458,Ryan,Romero,female,6292630553,vicki37@pierce.com,_&UYhkCb3q
459,Cristian,Vasquez,male,001-614-928-7347x964,douglashawkins@hotmail.com,B5M0Wt^n6^
460,Robert,Baldwin,male,066-757-7722x3011,johnstonjonathan@gmail.com,(2^H2En1b3
461,Theresa,Meyers,female,(949)603-8379x4619,bennettbonnie@blankenship-doyle.info,dZ&79D*q0)
462,Leslie,Ward,male,(106)093-8428x1921,martinezmaria@gmail.com,*5nLLPghVm
463,Donald,Bradford,male,001-081-571-3893x916,moniquekeller@hotmail.com,^mRb9B0Xh^
464,Justin,Thornton,female,184.822.5416x990,christinawilson@turner.net,!3JO&^KjFZ
465,Christian,Gomez,male,(327)234-7253,omiller@brown-reyes.com,Dz@78Itlh)
466,Dominique,Duncan,male,(814)656-6912x58667,johnsonderek@baker-boyer.com,4z5OqCgh_F
467,Patricia,Mcmillan,male,226-953-0635x5614,williamsmary@yahoo.com,&1!bRMsf+R
468,Patricia,Adams,female,0765779434,morrischad@hotmail.com,_jFT#Dk7R8
469,Debbie,Carter,female,001-018-086-4809x34641,edavenport@long-jensen.org,+Y9XF0sBRZ
470,Alexandra,Ramos,female,6077293608,virginiavilla@yahoo.com,iZAho6Wxe_
471,Charlotte,Chambers,male,199-222-5150,valeriehall@garcia.com,9J29*qMdJ#
472,Diana,Carrillo,male,229.418.9657x55561,whitney86@yahoo.com,+7ys2CTy%v
473,Stephanie,Anderson,male,457-506-3182x952,benjamin71@gmail.com,zx!2^DXYD(
474,Patricia,Alvarez,female,+1-626-744-5207x500,yoderpeter@wilson-beck.com,1(l6(7Wo(@
475,Christy,Hanson,male,(427)074-5504x47756,fwise@nelson.com,@y9HBcpGG*
476,Taylor,Lozano,female,+1-399-594-3547x681,pjohnson@yahoo.com,69Z*u+Ve$4
477,David,Clay,female,(917)727-1578x052,wjohnson@boyd.com,j2RArp9r^p
478,Jennifer,Hernandez,male,(074)147-0321,iramos@hill.info,1M!hBZ3&)e
479,Joseph,Watson,male,+1-384-323-0076,jasonbailey@yahoo.com,@(8n%zufwC
480,Steve,Trujillo,female,130-940-7253x493,stephanie22@watson.com,+u5SJ*t9yS
481,Brandi,Morales,male,6150230624,jongonzalez@green.com,*5YAKhIa5(
482,Michael,Miller,female,462-508-8245x041,sherry00@yahoo.com,sC5ZUs6y(H
483,Carrie,Miles,female,001-309-087-5855x773,charles61@hotmail.com,+pB^MjzG1q
484,Judith,Knight,male,001-298-001-8718,zflowers@hotmail.com,BAF@n4Pqu+
485,Madison,Alexander,female,+1-160-084-0028x40063,irodgers@glass.com,(gW3jxbhf9
486,Daniel,Lloyd,male,(220)855-7005x46440,holly38@hotmail.com,Pd3PSdp0(m
487,Jerry,Sims,female,(123)437-5574x557,powelldennis@clements.com,zY^_5*Ax!j
488,Jessica,Simpson,female,(505)799-3225x113,nelsonkatie@yahoo.com,wMZ5Fy+g!$
489,Molly,Adams,male,797-438-2916x543,hhumphrey@hotmail.com,J1wP#h5A@T
490,Amy,Smith,male,666.351.2407x98619,olsonstephanie@yahoo.com,^60pBNe%lk
491,Morgan,Anderson,male,+1-551-902-3794,kimberly72@gmail.com,LK9Lc*vSp&
492,Mark,Wolf,female,861-508-2960,josephhenderson@murray.com,nZOTvp*5!5
493,Justin,Wood,male,6001598294,zjoseph@maxwell.info,qx+399LFh^
494,Mark,Brown,female,827.249.0615x94835,jamesderrick@gmail.com,*IT3J7nO((
495,Dr.,James,female,213.193.6596,campbelljo@jefferson-conner.com,6PXed@R9+6
496,Hannah,Clark,male,(560)921-6230x51812,scott91@hotmail.com,L7LL$Vg1&L
497,Julia,Harper,female,(347)109-2186,fullerdaniel@hardy.info,!yHXDlfZ@7
498,Kyle,Paul,female,4732932171,kelly54@hotmail.com,(6X@WnKmY3
499,Andrea,White,female,704.501.1423x836,ajackson@erickson-carey.info,G0Hif+D)&#
500,Billy,Green,female,(506)109-0213x687,lloydbrandon@white-adams.org,ZWf_2EHp_e
501,Kevin,Shaw,female,+1-965-382-4063x2392,cisneroschristopher@yahoo.com,@1T)lOi**x
502,Paul,Brown,female,(773)718-6440x38517,allisonolson@hotmail.com,66jGlyNP+7
503,Anna,Parker,male,(446)436-0698x18987,andersonmonica@gmail.com,%!2CL*2umF
504,Sheena,Roberts,male,864-677-4157,janice45@long.biz,S#)o0CkhIL
505,Kimberly,Lewis,female,+1-147-492-8154x008,julieyoung@gmail.com,+3mRTA&qe*
506,Courtney,Lester,male,101-804-0589,william75@walsh.com,gV3JSiea$f
507,Matthew,Leonard,male,518.313.1566x72936,brownalexis@yahoo.com,5!5OB)yy&!
508,John,Taylor,male,341.384.0582x45892,beckerkimberly@hotmail.com,#M1@@A5lq+
509,Sarah,Barker,female,922.068.2861,jessica27@gmail.com,p5@ZlkUF*W
510,Lori,Berg,female,079-141-9469,waltercody@hotmail.com,PN^6Ke1UE4
511,Joshua,Gardner,male,707.272.3443x383,ernestwalsh@yahoo.com,vY9dQl5$x*
512,Louis,Gates,male,374-898-2292,carrie03@hotmail.com,N4SVOquI&3
513,Stephen,Lambert,male,741-749-9716x02675,trevorcortez@gmail.com,ZE9#5I^e&H
514,Ms.,Alicia,female,487-774-4317x8938,michellejohnson@gmail.com,4)1CrZ@jfr
515,Casey,Rodriguez,female,+1-795-002-2075,barbarareeves@gmail.com,+27ZC2Yhh+
516,Kelly,Scott,male,738.152.5167x31059,manuel89@blevins.org,E0WVsixu#8
517,Jason,Richards,female,523.802.3332x76497,rachelhernandez@santiago.com,(N46Tg#h)7
518,Angelica,Howell,female,166-942-5387,melissa72@cruz-williams.com,#@Ct_$%F82
519,Angela,Guzman,female,492.417.1132x6226,alejandra14@snyder.com,mK1E2Gh@8(
520,Kirsten,Thomas,male,+1-840-970-5135,morrislinda@hotmail.com,$6pZQo+Yr8
521,Matthew,Logan,female,247-269-3781x4327,qrice@yahoo.com,ltC1&DbP(8
522,James,Johnson,female,418.256.8131,xmiller@hotmail.com,^$b4hB@7c0
523,Ann,Fernandez,male,(796)887-4195,ianlewis@gmail.com,qh@R3APvKM
524,Randy,Williams,female,+1-361-926-2898x028,lee87@hotmail.com,U9jMnnoC!M
525,Erica,Mclean,male,262.262.3811x3376,sarashields@li.net,+%LzAru%j2
526,Brandon,Oconnell,male,495.762.4389x9333,kirkjeffrey@gmail.com,^_O1SqyQ82
527,Leon,Webb,male,524.522.9626,marc85@boyd-wright.com,wh0^NbNRj@
528,Shawn,Hudson,male,(513)641-4873,brandyevans@bennett.com,Vwc7ZgEv(c
529,Michael,Knight,female,+1-049-259-4352,whughes@hotmail.com,#UK2T3_f4(
530,Rodney,Gonzalez,female,534.772.1748,richard87@garcia.biz,b&3PIB2Vwl
531,Randall,Fuentes,female,(413)724-1528x13670,jennifer50@gmail.com,MW1RM9Sg+D
532,Theodore,Martin,female,773.056.8922x78387,kelly05@fowler.net,^gFLD+w!M5
533,Jeffrey,Smith,male,159.226.4713,mhutchinson@scott.biz,_5#Flo)FUm
534,Joshua,Smith,female,(664)775-4471,rhondajohnson@moyer.com,X+XUMib&@6
535,Donald,Rose,female,(165)293-1359x6758,laura69@gmail.com,xX280SyU5(
536,Brian,Williams,female,(972)733-4026x04158,garciarachel@yahoo.com,yFqe63RqC+
537,Ryan,Alexander,female,807.940.8708x7171,danielray@yahoo.com,59jgIza0*4
538,Ricky,Vincent,female,(623)196-3091x85132,npatton@hernandez.com,)K+UsfbO6q
539,Craig,Arnold,female,+1-543-546-3564,abaker@yahoo.com,_M$16$Ep7n
540,Andrew,Sullivan,male,879.720.9501x657,mpittman@clark-sullivan.biz,+j2PbGyj@)
541,Daniel,Hatfield,male,+1-554-589-9109x608,douglasdowns@atkins.com,mzgIMKyR&2
542,Elizabeth,Webb,male,+1-020-654-9089x1980,pricenatalie@terry-powers.com,)$hONiZY4C
543,Emily,Williams,male,+1-335-877-8381x5767,bennettlisa@moreno.net,Uqx23Arz*^
544,David,Gonzalez,male,594.135.2519x90353,carsonjames@gonzalez-sanders.com,9vh9sFcj@7
545,David,Huber,male,761.030.9722x7818,vgarrett@ramos.com,(k4SE*myKS
546,Kelsey,Hall,male,289-573-3781,ucollier@hotmail.com,3%4p7bZu9f
547,Katherine,Hall,male,(689)331-6327,melody55@gmail.com,2YN1Jr5!r+
548,Amy,Stuart,male,(834)671-3420x8278,joshuaharvey@hotmail.com,67AsPFyH#n
549,Mr.,Jason,male,(673)900-2044x4347,alvaradomario@king.com,HElO5A8ag$
550,Caitlin,Summers,male,704-280-0686x5008,josephharris@campbell-townsend.biz,Wd6%6ADs@T
551,Karina,Schmidt,female,(092)845-4956x014,randy76@peters.info,7S&4cLHoS%
552,Ronald,Maxwell,female,(657)325-5726,dgraham@gmail.com,S1J4gSxq^f
553,Mary,Garza,male,131-493-3569x409,schmitttiffany@yahoo.com,w(0&YlPl@i
554,Allison,Acevedo,male,800.831.5169x141,yperkins@gmail.com,UB9rWQIe0@
555,Emily,Villegas,male,469.239.8178x967,pattonrobin@conner.com,!3DyQxJlX0
556,Colleen,Watson,male,226.626.3549x802,jeanne84@sheppard.com,j%+N@Dt%)7
557,Christopher,Sharp,male,663-014-8337x9222,vbradley@stevens.net,+9gPkTctAv
558,Maxwell,Burnett,female,9120279737,darren37@yahoo.com,@*k6Tgy#VB
559,Peter,Schroeder,female,001-777-478-3239x066,diazjohn@green-brown.org,W+89YfRdnI
560,Hannah,Sanchez,female,+1-690-464-8131,rodriguezrichard@yahoo.com,p&!r)0L5!z
561,Ashley,Vaughn,female,321-972-2843x7697,angela54@yahoo.com,&AFXS9EzF1
562,Kevin,Bennett,female,185.616.7591x503,mknight@knight.org,35(j0Mdm&0
563,Kristi,Walker,male,618.521.8474x42776,awright@gmail.com,7&%gl6Cr+7
564,Megan,Harris,male,+1-472-287-1006x69512,wbrown@rodriguez.com,a_ux2EurBG
565,Kristi,Barnes,female,001-050-138-6620x83134,gaythomas@hotmail.com,o7DK^NFn$I
566,Kimberly,Hernandez,male,508.491.6100x2721,davidsullivan@johnson.com,0LpNubYT*q
567,Tammy,Smith,male,+1-804-994-5337x69646,benjamin46@cox.com,(i1LO$iW#E
568,Isaac,Smith,female,904.601.6672x978,turnerrobert@gmail.com,(zDxve+t1H
569,Christopher,Crawford,male,+1-365-387-1321x413,perezphillip@haley.net,!hN#Fpikk2
570,George,Farmer,male,140-307-3918x8816,david63@gallegos.com,3f0WjsNm$g
571,Scott,Suarez,male,+1-215-436-4846x315,vhoward@santos.com,*4j^QfC%hj
572,Michael,Bernard,female,(119)169-8011x10496,twright@dunlap-robinson.com,d6tpGwzh$Y
573,Alexander,Bell,female,437.221.4247,cindyroberts@gmail.com,$P&BxAwh_9
574,Alicia,Evans,male,001-398-742-1761x2777,rodgersrenee@harris-santana.biz,0GV#itg&@i
575,Robert,Murphy,female,0453243161,dgay@hotmail.com,#(73Bp3eo@
576,Robin,Johnson,female,(543)875-7679,michael96@sanchez-rios.net,E%2EDlLv3M
577,Robin,Stark,female,(228)665-2613x5020,blakemiller@wiggins.com,b^#J)_iu!9
578,William,Murray,female,375.109.5520,hansenchristopher@davis.biz,10AJBdBh+6
579,Derek,Anderson,male,+1-381-830-0735x20898,blakeromero@kennedy-sutton.com,N!#U00GdQE
580,Alexander,Chung,female,814.210.1890x9486,hannahnelson@gmail.com,&4G$aXTXq$
581,Robert,Clark,female,(502)743-4782x643,jessica60@yahoo.com,_gd_e8At@x
582,Sabrina,Nguyen,male,612.777.5685,ronald97@martinez.com,Ij@P6zDd*5
583,Bonnie,Griffin,male,072.983.8693,crystal33@gonzalez.com,(*h42Tt4rd
584,Spencer,Jackson,female,(992)967-3703,thomasfox@yahoo.com,%93+r6QkCE
585,Sarah,Ruiz,female,001-387-346-4513x6208,margaretgreen@martinez.com,(C^IpEc(!4
586,Linda,Walter,male,+1-000-741-9911,kennethramirez@gmail.com,$180Zqa3QP
587,Tim,Miller,male,4539241360,benjamin42@miller.info,^8EaGwlsNe
588,Ricardo,Williams,male,+1-640-297-0877x52972,williamskristopher@hotmail.com,xT5GGvK05(
589,David,Clark,female,+1-643-111-7892x609,bjohnson@whitaker-cohen.info,^cJ^Qeysj6
590,Benjamin,Clark,female,+1-258-373-2111x79065,hammondmackenzie@gmail.com,!boxIszF8b
591,Robert,Pratt,male,(279)488-8952x353,singletonlaura@carroll-thomas.com,_x9VN@o*F3
592,Mary,Esparza,female,9539920993,christophermills@hotmail.com,@X#A7FXft)
593,Claudia,Nixon,male,(739)113-4097,brettbanks@hotmail.com,(8OuKPksIJ
594,Joseph,Wyatt,male,414.466.1794x377,andrewzavala@gmail.com,d$eJ4BhbG&
595,Victoria,Howe,female,983.463.9756x832,keithkelly@hotmail.com,^&02HfJ$u&
596,Rachel,Torres,male,+1-599-548-0136x113,theresarowe@curtis.org,K(7Am4eVp+
597,Anna,Adams,female,+1-895-343-1165x361,fitzgeraldjoshua@hotmail.com,!LB1Bgn3Z2
598,Samantha,Mitchell,female,+1-511-351-1836x18858,jorgewhite@yahoo.com,!79bBihBlA
599,Brendan,Reyes,female,(113)048-4492,djackson@gmail.com,oEF774Fr$^
600,Johnny,Brown,male,406-097-0853x3294,jessicaknight@yahoo.com,4x1HCrKl&_
601,Norman,Santiago,male,897-103-3634x153,evansalicia@willis-richards.com,_B)m2J6usv
602,Terry,Lara,female,748.188.3973x45603,elizabeth55@hotmail.com,@AO6Iw+K_V
603,Tyler,Herrera,male,(534)165-2592,lanthony@yahoo.com,Q_D1H)!e+3
604,Patrick,Brooks,male,934-430-8167,andrew46@kennedy-wilkins.org,YD7zRty*_o
605,David,Murphy,male,001-722-424-4279x40272,clam@walker-ryan.biz,5LW(c1f8e(
606,Richard,Davila,female,001-528-543-6577x24128,clarkantonio@burns-romero.com,^I*T1GWhy(
607,Kathryn,Valentine,female,001-921-431-5013x61110,kim67@henry-barton.com,qJh4ZxvC&1
608,Brendan,Tate,male,001-277-164-5608,christinathomas@gmail.com,!2_ZIS&mFB
609,Jennifer,Miranda,male,+1-871-627-1441x92370,johnsonalyssa@jones.com,l3XPveIs)s
610,Melissa,Diaz,male,(385)689-4474x373,jacob24@gmail.com,b(@0AO0rQ4
611,Tonya,Jensen,female,988.258.0392,loganjustin@yahoo.com,tIJG1rVlZ^
612,Matthew,Golden,male,001-529-641-9140x91428,kevingomez@gmail.com,!5WPHetTq@
613,Timothy,Chen,male,001-193-039-5110x975,smithchelsea@house.info,U!h0wMu9vI
614,Diana,Richard,male,+1-608-035-4898,matthew29@yahoo.com,^FV0v(Mh8i
615,Logan,Solomon,female,(620)128-2665x38229,robert07@salinas.com,@A+71DgEzf
616,Kimberly,Brown,female,(417)111-6692,ukeller@schneider.info,@sAvKVmo1E
617,Tyler,Young,female,4695018151,qsmith@graham-rios.net,+WHqf!F@_2
618,Benjamin,Pratt,male,3084770313,clarkelizabeth@hotmail.com,@)hJdg9QG8
619,Kathleen,Thompson,female,047.431.7515x3443,vmurray@gmail.com,#7_RrVmo+P
620,Vanessa,Walsh,male,2140316205,christopherthompson@hotmail.com,TN7Z0bTR+%
621,Suzanne,Kelley,male,675-777-6720x1102,nicole47@hobbs-burns.org,&5iIdN)sxV
622,Trevor,Campbell,male,001-993-591-7863x956,jefflee@bauer-andrade.org,obHscQrj_3
623,Jonathan,Peterson,female,(540)283-9452x40713,uwatson@hotmail.com,!NP5XHHgB$
624,John,Jimenez,female,430.992.1670,brandall@yahoo.com,21sDva7J$y
625,Luis,Benson,male,+1-411-434-2641x7892,tjones@yahoo.com,!sUOk3G6a5
626,Kyle,Richardson,male,+1-636-437-2719x68957,rjackson@gmail.com,^m63U8xz)+
627,Tiffany,Mitchell,male,070-301-6924,oescobar@carson-chavez.com,)K8gXdpdk&
628,Eugene,Bell,male,(290)549-2724,jacksonbrianna@jenkins-grant.org,@RXvsedO32
629,Kayla,Duran,male,931-188-4110,jason41@baker.net,_68KsgycM!
630,Scott,Sullivan,male,539-528-3731,michellewhite@henry.com,qAHZ8wPfy^
631,Morgan,Moore,female,770.935.6959x79381,mirandaderek@lynch-davis.com,8MIntbB5+x
632,Travis,Hancock,female,6929098249,ryan42@sanchez-wilkerson.com,TkYHo9f6^0
633,Bryan,Foster,female,2349129465,jessicasmith@yahoo.com,Xswg7KsbM+
634,April,Ortiz,male,4616627506,moorepaul@hotmail.com,wt4YFnof%5
635,Christopher,Arnold,male,001-549-607-4171x6561,mhernandez@martin.com,GjX%2Mt2mA
636,Thomas,Carr,male,012-668-7083,darrellknox@robertson-mcdaniel.net,n^5xgGcq%(
637,Taylor,Ford,female,(083)332-5967x5261,katherine39@yahoo.com,#6kvZgoFv(
638,Michael,Welch,male,905-974-2627x05435,kevinmcintosh@wyatt.com,%c3%Uk4A)1
639,Mary,Wright,female,6181761643,lisa34@yahoo.com,JD$+1Pg^Bp
640,Savannah,Long,male,001-818-381-1309x1447,richardsonchristy@gmail.com,4$N3wCTxqf
641,Robert,Ortiz,male,(918)731-1514,ryangarcia@hotmail.com,)89H_$Z4Kj
642,Wendy,Campbell,female,+1-291-390-3327x6314,nrosario@warren-jackson.com,C@8XWqOjpV
643,Tonya,White,female,259-864-8346x57716,teresa58@gmail.com,$b2LsVdN#)
644,Douglas,Brown,female,(907)865-2281x631,bakerpamela@ruiz.com,zcXbEyXn&2
645,Caitlin,Patton,female,(683)805-7747x812,chad86@gmail.com,c8X@EvEV%9
646,Scott,Olson,female,(503)433-4985x682,taylor76@yahoo.com,K$0kTyl_u+
647,Corey,Williams,male,001-655-566-5187x1272,udoyle@gmail.com,xmifRpFc#3
648,John,Davis,male,1285860512,echavez@cameron.com,^mt6&G5s3&
649,Margaret,Simmons,female,(764)727-9470x6852,myerscarlos@gmail.com,kZmMSBmB^9
650,Jill,Burns,male,514-468-6041,xrivera@yahoo.com,GOq7EJ8xS(
651,James,Myers,male,0474596152,douglasnash@lane.com,64AieUjY$!
652,Matthew,Perez,female,584-089-1669x347,tammy31@yahoo.com,2%gSQsm(+5
653,Paula,Jones,male,+1-225-866-0031x356,briggsamy@jensen.com,f1e+7DPd&*
654,Kelly,Anderson,female,+1-716-135-8087,ortizjoseph@solomon-smith.net,1vm1SWW((Z
655,Lisa,Boyd,male,001-746-738-6848x85023,fhughes@gmail.com,LI19Aow0a&
656,Kristy,Mcfarland,female,982.577.6569,kelly01@landry-cox.org,#9ZLee37C5
657,Elizabeth,Fowler,male,999.526.2780x997,nmedina@ingram-dillon.com,_u$3aILg7!
658,Andrew,Robinson,female,283-289-9718x8170,imiller@hotmail.com,_O914Vyd&8
659,Karen,Singh,male,955.381.3286x628,rodriguezpatrick@yahoo.com,!14PnzNS$g
660,Alison,Bailey,female,(826)617-7150,holmestiffany@gmail.com,abpeSptH$5
661,Corey,Gomez,female,001-525-420-3551x4421,deborah89@gmail.com,yk7)CxCz_4
662,Krystal,Mcgee,male,473.112.8648x43523,hernandezrobert@decker-petersen.com,Q#ZS1a9&(3
663,Dana,Ramirez,female,001-780-278-2030x014,johnsoncrystal@fitzgerald.org,+TL3(fFew_
664,Angela,Jefferson,male,(974)640-1103,gmanning@walters.info,m9F!4Hxwyt
665,Michelle,Terrell,female,(233)756-7784x1112,nhuerta@holland.com,%kT#sH#hL9
666,Alex,Haney,female,787-555-2041x2908,jonesroger@gmail.com,5FQ1#R#dA+
667,Tonya,Jordan,female,(061)400-6828x4997,rita01@hotmail.com,u8@5zYQes$
668,Nancy,Brown,female,001-500-980-0759x87577,timothyward@thomas-graham.com,!2tuOb@Lu$
669,Christopher,Moody,male,001-680-378-8792x120,mccartysusan@gmail.com,qgg&3UQt#+
670,Evelyn,Lewis,male,955.851.7543,mwiley@yahoo.com,2l)!AAdV*n
671,James,Young,female,001-886-064-5310,katherine54@yahoo.com,!dG6GFVKs9
672,Patrick,Lawrence,female,(088)366-3442x655,vjones@lambert.biz,7*V^0Mu1oc
673,Jennifer,Fry,female,(140)459-4348x0230,ortizpaige@yates.info,$S7eEPayMj
674,Heather,Perkins,female,285-141-0075,tammy52@yahoo.com,y+6QyNjlpz
675,Kurt,Boyd,female,(416)735-3258x6190,agray@hotmail.com,zGX%ogzv#4
676,Ann,Clark,female,7724440857,roy57@stewart.net,)A9NLhUmn7
677,Joseph,Paul,male,210-959-8862x7382,njohnson@ford-davis.org,A51rB%i1u!
678,Scott,Roman,male,+1-368-237-9900x4493,brittneyortega@gonzalez-crawford.net,I9PNGuUt#i
679,Kevin,Chavez,female,208-436-7359x912,hgreen@jones-martin.biz,!Q0KwteUKY
680,David,Collins,male,001-438-395-2321x09201,jonathan43@hotmail.com,_Or0Z3Gre!
681,Lisa,Cantrell,female,025-547-8019,andrew15@robertson-newman.com,_8B&qisy5%
682,Victor,Freeman,female,143-831-6729x93733,michaelkeller@deleon.biz,hJBssCvv_2
683,Beverly,Martinez,male,(146)120-2587x041,gordonjohn@yahoo.com,pV)1!Igmgx
684,Joseph,Smith,male,001-894-923-7138x98050,jennifer72@dunn.info,nZ_)EoAe_5
685,Charles,Foster,female,+1-135-565-6670x7246,james50@yahoo.com,ms!6VIxVvM
686,Melissa,Munoz,female,865-834-3659,josephgutierrez@keller.com,@l1amH5t@2
687,Nicole,Brown,female,001-704-669-7754,jasonstevens@acosta-odonnell.org,98_dW5Js+%
688,Carla,Schmidt,male,373.976.8265,pmoreno@gmail.com,59M4P%Fw^+
689,Martin,Browning,female,499-406-2399x390,susancase@hotmail.com,e9U4ZC2W%7
690,Mary,Mcdaniel,male,895-666-8553x419,samantha95@green.com,)QBaJrVtc4
691,Mitchell,Willis,male,+1-895-873-2244x6423,kchristensen@simmons.com,&(8bP&!jrZ
692,Natalie,Lee,male,+1-643-867-6115x3541,jbrown@kline-torres.info,fM6L8h^Z+(
693,Jonathan,Hall,male,+1-045-295-3143,mcleansara@greene.com,$v*J9TN$4S
694,Jaime,Mcneil,female,028.101.7530x59391,jeffreymendoza@gmail.com,W1P2O8(i)q
695,Michelle,Heath,female,001-367-977-6614x07962,russell04@yahoo.com,&HS3uaXH_9
696,Johnny,Stevens,male,001-464-136-3518x6096,edrake@clark-hawkins.biz,amN3ifUQ@9
697,Tara,Harris,female,518-390-7740x761,wyoung@hotmail.com,*344USicDf
698,Jessica,Parker,male,417.676.9754,kirbystephen@gmail.com,9)Ov1Sn@)8
699,David,Diaz,male,392-330-5861,jose13@watson.com,P$7vOfWaTU
700,Craig,Smith,female,8520592674,carolallen@gmail.com,zcw8uEjm%t
701,Ryan,Hernandez,male,+1-011-911-8421x6344,dylanross@fuller.biz,@99BaYBcen
702,Michele,Adams,male,905.609.2504,nelsonrebecca@payne.info,*nmQ@WJaQ9
703,David,Jones,female,001-012-142-8101x04501,robertsjoanne@olson.biz,+m9Zqt)PvI
704,Willie,Schneider,male,103.425.3369,coleangie@hotmail.com,qydr9EGi_f
705,Lynn,Owens,female,001-995-113-6447,ustone@villegas-wood.com,23HWbZzD&K
706,Annette,Morgan,female,281.008.9476x5174,smithmary@yahoo.com,r9CRrh^+)y
707,Deborah,Klein,female,(491)281-0230x61167,andrewcamacho@medina-smith.com,lL4fh3Rz3!
708,Kim,Lopez,male,401.477.3481,wallaceelizabeth@paul-lloyd.info,!kF+IeKE&7
709,Collin,Porter,male,192-681-8437x53724,oconnellkeith@wilson-sims.org,)ugl3nDf$!
710,Victoria,Crawford,female,(098)790-5415,joshuaevans@lin.biz,fT0SdKfsr&
711,Catherine,Anderson,female,(144)845-8064x7466,april10@hotmail.com,L373NOvp#K
712,Benjamin,Taylor,male,001-602-311-2017,hgilbert@phelps.org,*7Fa8X3&%a
713,Mike,Hunter,female,+1-715-356-7955x37714,colejohn@yahoo.com,g%4VAVHx(9
714,Monica,Davis,male,(978)960-8972x9880,ericevans@gmail.com,#6AHzR!J_%
715,Michael,Berger,male,001-889-448-1973x2861,holly71@gmail.com,%0bTR+zz6(
716,Megan,Beck,female,001-063-816-4867x669,jmorgan@butler-stewart.com,yFwM9S0jH_
717,Richard,Salinas,female,947.692.7833x032,leahmartin@harris.com,705NJwfPU+
718,Russell,Bryant,female,247.364.8990,jamie28@hotmail.com,h6$7$Bg+)S
719,Jason,Smith,male,+1-913-469-7907x4843,ehayden@yahoo.com,&4CguQuxh7
720,Helen,Knight,male,+1-681-669-4183x674,wesleycraig@gmail.com,W4+13DvsW6
721,Wendy,Hanson,female,870.405.5928x6969,aholloway@hotmail.com,^V17IXcf&Y
722,Alexandra,Arias,male,185.980.6892x848,williammccarty@gibson.info,)6Z#)ytrp7
723,Joseph,Thornton,male,671-378-1314x640,westmonica@swanson.com,!lqowV7x9v
724,Kristi,Bell,female,428-996-0055x5840,donovanwalter@moore.com,+1(NooLm8u
725,Brenda,Mitchell,male,+1-847-138-8228,troychambers@briggs-martinez.net,9g&76oG3!2
726,Jonathan,Evans,male,620.568.5812x406,jamiewest@davis.com,(KAEz0n74b
727,Tina,Mathis,female,(694)150-1891x0142,festes@gmail.com,7B4(Jd%bK$
728,Justin,Wang,male,+1-181-978-5796x27345,yspencer@hotmail.com,GsXxAsIP(9
729,Deborah,Robertson,female,001-901-177-6987,michelle42@yahoo.com,%3ni1Ziu!)
730,Jacqueline,Chapman,male,825.127.9372,donnasmith@yahoo.com,$*U1B__yA5
731,Kristen,Ward,female,594.960.0686x273,bmitchell@hotmail.com,)T#jEMPv69
732,David,Pierce,female,089-027-1080,tyrone64@hotmail.com,q$35bNYlPR
733,Ronald,Campbell,male,(294)630-5233x685,lisageorge@daniel.com,$g75OM$zpQ
734,Jeffery,Padilla,male,430-479-7485,youngashlee@joseph.net,VYy3WsA)L+
735,Laura,Ward,female,(865)748-4667x70348,stephanierogers@parker-bell.info,%1)KzH9i*1
736,Phillip,Aguilar,male,4447797183,hannah48@hotmail.com,1&O9YjF+NW
737,Jesse,Garcia,male,(678)004-1423x875,yavery@hotmail.com,+ZJnJv%g2V
738,James,Jones,female,188-467-8099,ashleymerritt@yahoo.com,)8KoxMLOM)
739,Melissa,Martinez,male,001-206-851-1766x28437,edward31@yahoo.com,11Tet1Av!I
740,Melissa,Bryant,female,(983)977-8935,meganmiles@hudson.info,w#y+7ENin0
741,Jason,Hall,male,983-109-2653x57375,moralesjennifer@gmail.com,+bGaO*IT7e
742,Jessica,Marshall,female,+1-939-226-9565x15312,kaustin@hotmail.com,Q4Fl1BpL&L
743,Donald,Adams,male,+1-157-475-9108x8802,robertmartinez@gmail.com,7Mq43JQi$N
744,Casey,Jackson,female,055-476-5256x232,brownkristin@yahoo.com,(7O3hncsr*
745,Nancy,Ortiz,male,063-182-1665x05941,cynthia32@doyle.com,$7MbE0$aCb
746,Anthony,Martinez,female,001-533-384-5847,youngmaria@parker-mccormick.biz,!zBF7Ree)3
747,Michael,Miller,male,(251)909-7535x944,mitchellhanson@espinoza.info,t4lrEx)k&G
748,Christian,Reed,male,450-777-0403x578,michelle31@yahoo.com,h(1WSLLx$d
749,Wendy,Santiago,male,(855)162-0165x087,jacqueline76@wood.com,PA@)0TydCZ
750,Derek,Moon,male,748.222.7484,matthewwhite@hunt.com,T7Fws0Gga!
751,Jacob,Hale,female,001-418-118-7284x530,moralesedward@wilson-colon.org,H6ThRxiu$!
752,Donna,Martin,female,882.542.3918x69774,barbaragarcia@burns.org,w&_8L&Yf+X
753,Sean,Smith,female,+1-294-807-5341x70075,klinesamuel@alexander.com,s*j7WsnQ_%
754,Richard,Ramirez,male,+1-081-254-8952x41982,ryanmorgan@pennington-garrett.org,$baZFCmYf4
755,Craig,Reese,male,422-232-4743x352,perezsarah@hotmail.com,za0Pj@Yl_+
756,Robin,Chapman,male,867.180.3481,ccampbell@yahoo.com,Lk68fSnr%C
757,Daniel,Carter,female,001-238-739-8396x85393,francoamanda@leonard.com,(elSE!Lx1q
758,Alexander,Stein,male,001-180-801-6542x6429,joseanderson@smith.net,GlXv_A)d&7
759,Leslie,Travis,male,938-405-7349,mckaylaurie@wallace.biz,#0Cui+#S^k
760,Michael,Adams,female,850.637.3175x0043,briankhan@yahoo.com,(ED1i1Wkoe
761,Jacob,Carson,male,664.578.6612,edrake@hotmail.com,*pZcuhjbJ2
762,Jonathan,Romero,male,+1-461-025-0759,jackiemejia@gmail.com,$WUelDGuo5
763,Dawn,Nguyen,female,673.713.2241x2539,cwilson@johnson.com,$_WB9(j4v0
764,Mark,Hensley,male,(753)096-5657x31229,chall@li.org,EdIsI3Tq(t
765,Andrew,Garcia,female,001-228-930-3968x85000,dharris@gmail.com,!8FBXHrs^c
766,Douglas,Lee,female,001-300-709-6602x0544,qwilliams@carpenter.info,!s7lChvap2
767,Craig,Lutz,female,001-079-136-4863,chill@hotmail.com,Omb0$QWv#O
768,Nicholas,Spence,male,751.350.7667,garylopez@hotmail.com,_CNE(df&K6
769,John,Herrera,male,275-156-8801x68344,williamgonzales@yahoo.com,A&Mv$7Fnaw
770,Stacy,Kirk,female,+1-168-816-3043x6808,callahanmark@yahoo.com,2y$BM16z)j
771,Sarah,Jones,male,001-655-495-3761x65254,gabriella90@hotmail.com,vRp!7Ge7#0
772,Angelica,Patterson,female,+1-260-682-2772,uroberts@yahoo.com,$1sNb#anL7
773,Bradley,Pham,female,861-628-3825x3891,taylordevon@palmer.com,@4$HNN+dtk
774,Mary,Wilson,female,001-307-215-6842x8776,chase06@ward.biz,%1)ZXh7zGi
775,Terri,Graham,female,(934)603-7726x67959,amandatorres@yahoo.com,*wF7VlrD9e
776,Timothy,Payne,female,979.950.4239,jjames@hartman-jones.com,7i8&10F6@Y
777,Brandon,Garcia,male,(224)034-3420x1565,lynchtodd@yahoo.com,6_4Tmobd1*
778,Brooke,Johnson,male,071-189-5223,courtneysnyder@hotmail.com,4i)24SqWo@
779,Julia,Newman,male,892.813.3329x26190,kryan@yahoo.com,X*x0Y1B1sk
780,Noah,Miller,male,001-716-044-1723x3463,jessica62@zamora.biz,cr_2YD^k0g
781,Paul,Waller,female,+1-079-701-5384,hjohnston@gmail.com,_BZ%eAwD(7
782,Dustin,Alexander,male,795-231-0944,jaclyncooper@hotmail.com,!nK0Ck(u34
783,Jim,Day,female,+1-913-204-6353,natalie62@gmail.com,@u0Yu+F&bS
784,Jessica,Young,female,+1-183-634-2306x639,hfischer@hawkins-robertson.com,+F*CATdES3
785,Russell,Mccarthy,female,2695307040,brownchristopher@mendez.com,x0TiDq9G_9
786,Katherine,Bridges,female,424.233.6248,eugenecummings@hotmail.com,!aJHdnXl4V
787,Jill,Lopez,female,+1-870-729-6719x948,williamsmaria@rogers-holland.com,OZ6AGrfcO(
788,Phillip,Carr,female,8507546931,bpark@hotmail.com,k8mF#d%R!Y
789,Ellen,Sanders,male,877-115-2129x66000,oscott@potts.com,f2MlcTvs^m
790,Brett,Garcia,male,425-593-8886,perezamy@christian.com,vj6Cmv^H)Y
791,Robert,Jackson,male,(920)160-0354x371,ginarowe@hotmail.com,57OjyToo^e
792,Kayla,Roth,male,4107868784,sarahortiz@yahoo.com,+yz7Gx^#U1
793,Breanna,Alexander,male,949-059-1310,timothydixon@yahoo.com,&%!2CPAwsP
794,Jason,King,male,120.333.1747x3860,xcampbell@hotmail.com,2nJp5LbJ$1
795,Alexander,Shaw,male,920-541-8538x365,rmiller@cantrell.com,(Iw_)HJrL8
796,Phillip,Lopez,female,661-854-6073,abond@guerra.com,)nLCouzE0A
797,Jose,Pham,female,655.343.6542,smithjermaine@gmail.com,Fa!L9ZLn+H
798,Kathy,Dunn,female,754-917-8015x834,jacksonbill@gmail.com,e)1UDcENrH
799,Samantha,Reed,male,001-174-084-2654x090,carterderek@sanchez.org,#2XedjoDS7
800,Mrs.,Angela,male,001-912-186-9115,danabarajas@gmail.com,1Y8oGzmR!n
801,Brett,Johnson,female,+1-363-195-0529x531,bartoncrystal@yahoo.com,_QqxzVLoJ5
802,Tiffany,Hayes,male,0175736291,brianclark@yahoo.com,4YOYsnJ0$K
803,Kevin,Clark,male,(585)030-6822x98750,jean25@gmail.com,@AJBk0A11t
804,Michelle,Warren,male,(889)543-6673,trevor94@hotmail.com,_nVng7Tp2&
805,Megan,Mayer,male,035-113-9783,ehumphrey@green.info,yy6FO_)e&b
806,Heather,Parker,female,(396)933-8456,carriehanna@gonzalez-white.com,$a36UHavdj
807,Andrew,Johnson,male,(284)116-3038,ihall@pennington.com,6%nPJ#jx(O
808,Tiffany,Townsend,female,726.203.5783,gilljon@yahoo.com,X@7IVy$d64
809,Timothy,Cooper,male,308-865-8751x206,johnsonthomas@gonzales.com,(^0Y%Mn5Vr
810,Anthony,Steele,female,+1-332-453-7251x84056,huntmelissa@hotmail.com,bw$6Bns^SZ
811,Matthew,Cooper,male,1166117433,timothydaniels@mcgee-hopkins.com,T^74rYBm$%
812,Dana,Howard,female,270.801.7440x7779,wmckenzie@hotmail.com,k%6Ld*eSdz
813,Kayla,Palmer,female,8829141205,joannawyatt@yahoo.com,s^L_j9Ck6t
814,Jessica,Holt,male,(556)723-7506x197,james65@ellis.biz,rZ9W2sGd!9
815,Jeffrey,Hicks,male,(608)609-9364,jjimenez@chavez-daniels.biz,(BPY0VOz)^
816,Stacie,Johnson,male,925.062.4498x37839,dwelch@robertson-lopez.info,UqF&09XcK)
817,Jennifer,Miller,female,001-797-010-4487x1361,rebeccacruz@hotmail.com,4xq0KHDwc$
818,Christian,Mcdonald,female,+1-946-006-5748x060,brandon67@alexander.com,$2fhD*RNbM
819,Robert,Malone,female,001-427-258-8420,jeremy73@thomas.biz,5Bm86Gdyf_
820,Brett,Dyer,female,177.192.5345x721,robert35@gmail.com,Svj*2Hdm3w
821,Ann,Newman,female,(874)831-2566x840,mia82@gmail.com,_7_BN7zw#D
822,Heather,Alexander,male,+1-755-187-7762x9216,lrios@yahoo.com,^4YLxHafg5
823,Matthew,Anderson,female,(696)448-4984,michaelrice@black-peters.com,%qBG&Yxt3Z
824,Michael,Johnson,female,001-264-753-6759x6149,jeanette11@hall.com,+k%a%GLqX5
825,Joyce,Alexander,male,352-287-3146,chenmartin@gmail.com,pu5*3Twt$T
826,Matthew,Arias,male,809.391.8485,lisa96@yahoo.com,I6Hrifs*_%
827,Lance,Lewis,female,(114)099-4364,thomaspham@gmail.com,$7zEuNTpkm
828,Carolyn,Smith,female,572-594-2992x079,lopezvictoria@hunt.org,$&oR!Fha+0
829,Christy,Cruz,female,001-090-632-6173x5767,beverly80@copeland-montgomery.info,(StX%zU6l0
830,Timothy,Ayala,male,(086)064-1970x4897,olsonmichelle@moran-nixon.com,!7Ut(3+3Q&
831,James,Moore,male,+1-717-911-1506x823,williamfoster@gmail.com,!9!I6qLs75
832,Jeffrey,Watts,male,964-777-5082x4472,kboyer@hotmail.com,_8xJuloiT!
833,Colleen,Schneider,female,829.735.6095,matthew47@brooks-escobar.com,@9L1kS)vp1
834,Jennifer,Hernandez,male,(001)097-6226,christianhamilton@hotmail.com,lCOMsY9P)4
835,Lauren,Carter,male,001-722-209-5355x47969,marilyngarcia@williams.com,v&8@&PzH3&
836,Rebecca,Medina,female,001-537-904-9576x94493,dean81@hotmail.com,4_9Xv%Q&BB
837,Matthew,Reese,male,001-405-610-5944,brian80@osborne.com,!&A&c1Nx6S
838,Brittany,Guerrero,female,(378)717-0445x691,nicoletucker@yahoo.com,Udk8Vd6b_2
839,Lisa,Reed,male,313.448.9702x2558,diana95@hotmail.com,&4E+zAvd9T
840,Christopher,Smith,male,678-786-9024x57165,michaelmay@yahoo.com,@CAm&UzXd9
841,John,Rivera,female,263-702-8236,karensmith@hotmail.com,_lFvL4Jw&0
842,Steven,Diaz,female,286-945-1931x008,eevans@wade.org,4I#(PeW1&Z
843,Melissa,Levy,female,001-579-746-7624,barnesamy@king.info,J7sQbrcj_9
844,Misty,Guzman,male,(084)707-2668x800,kingvincent@barr.com,y8SOuI)o$8
845,Stacie,Davis,female,+1-897-533-1140x3407,juliehenderson@richardson.com,4)!4JlWnS*
846,Caitlin,Drake,female,933.333.0095x7055,smoore@hotmail.com,56&QA$Ni(b
847,Samantha,Curry,male,(074)228-9974x08952,owalker@gmail.com,Yc!P2AKqFj
848,Eric,Garza,male,439-923-3127x555,edwardstyler@thompson.com,(6P!RhYj@9
849,Victor,Rogers,male,001-924-620-8367,troy76@harris.com,%P8KtQK%9y
850,Jamie,Swanson,male,0408158626,wramirez@gmail.com,s_08Y@Pw$x
851,Douglas,Underwood,male,+1-156-949-3702,romerogail@hotmail.com,7)7SKMsHSs
852,Ryan,Smith,female,+1-980-980-5612x9480,codyrodriguez@perry.info,Wq90MTkzu!
853,Gregory,Middleton,male,+1-690-292-0342,kellyfisher@ewing.com,#RE#k%eg6_
854,David,Mitchell,female,+1-651-053-5493,dianelong@yahoo.com,9n*3WWiEZY
855,Raymond,Alvarez,female,554.702.7797,richnathaniel@patterson-garrett.com,K2ROKfQc_m
856,Olivia,Yang,female,797-487-6506x03301,daviesaaron@crawford.biz,gs8QG8jrD_
857,Nicole,Wood,female,001-677-375-0406x891,mcosta@johnson-ward.com,3%9kQ*loq(
858,Deborah,Blankenship,female,594-796-1417x4159,jrose@hotmail.com,^Al9PNf75H
859,Susan,Donovan,male,+1-320-579-7765,debbie82@hanson.com,8fDl0RJj_P
860,Tonya,Rollins,male,056-173-4769x7703,alvareztodd@yahoo.com,*8cHW6%imx
861,Lance,Parker,female,(668)910-0713,georgesmith@elliott.net,YkKAKBPt_5
862,Lawrence,Diaz,male,(911)390-2819x24720,mercadostephen@gmail.com,3OuzF0rt!H
863,Luke,Ali,male,001-410-484-5724x935,tperez@gmail.com,)rEU%xLia8
864,James,Galloway,female,(471)000-5994,andrewwilson@hotmail.com,)c#qQJqpj4
865,Michael,Chavez,female,505-879-6771,patricia53@hotmail.com,@@37IhxD6D
866,Julie,Zamora,female,808-473-0941x4380,christine95@gmail.com,S&1vUqvH7r
867,Frances,Rivas,female,758-412-8959x3542,michelle17@watson.com,QY4AU2Xy__
868,Jillian,Hayes,male,(028)682-5749,mbarrett@johnson-johnson.biz,_w4wTgGcP_
869,Robert,Wright,male,910.660.0571x6610,paulkelley@hotmail.com,n6(T6mSQ^f
870,Eric,Hull,male,+1-312-207-2299x9529,dwaynetaylor@garcia.com,Mg4SA)Mf9#
871,Austin,Poole,male,171.528.7172x0212,wbennett@morales.info,iAb+bDcf)6
872,Tanya,Allen,female,001-476-834-0311x939,amy22@hotmail.com,^9)ajwYej0
873,Lisa,Armstrong,female,001-264-324-6373x44764,mcclaineric@hotmail.com,@5Azi7&Rh1
874,Michael,Mcneil,male,909-864-3738x89465,sierrasmith@gmail.com,3Yb#)8Ik0k
875,Ann,Hamilton,female,8370523346,csmith@davis-jordan.info,Qyq$5)L8)^
876,Donald,Olson,female,(359)935-8796,omartin@wade-watson.com,+reJuEhsz0
877,Craig,Fletcher,female,+1-574-891-8556,bferguson@gmail.com,!556EUsWBk
878,Deborah,Turner,female,001-015-326-4722,james31@hotmail.com,U4G#nD1k@q
879,Victoria,Lewis,male,8332111576,rcollins@yahoo.com,_7bU2WGqCQ
880,Craig,Sullivan,male,821.820.2678x6183,cookvanessa@yahoo.com,*dID)NEr&7
881,Sherry,Weber,female,829-437-0818x231,jacksonmelanie@mason-thornton.com,V8Rg&x1&^M
882,Melissa,Henderson,female,+1-775-058-1004x487,rushcorey@warren.com,Z#*8E4$a)N
883,Maria,Collins,male,137.217.4368x1924,saracortez@yahoo.com,+p3Sy)+FB5
884,Danielle,Patel,male,588.830.9018x669,zachary55@yahoo.com,1&_1wArTIV
885,Daniel,Mcdonald,female,860-909-7575,davidhodges@yahoo.com,%2IpPKmo#b
886,Jennifer,Tucker,male,742-603-3407x3239,theresa21@hunt.biz,+1SG^AloBP
887,Jeffrey,Anthony,male,087.621.3702x49296,bmullins@gmail.com,Et2Nr2^!^6
888,Robert,Thompson,female,(340)624-9418x47981,cassandrajohnson@clark.com,_v2G*vSa82
889,Robert,Barnes,male,433-619-7152x6256,robertsonderrick@cruz.com,caO6K1O4^9
890,Daniel,Reed,male,001-265-359-4392x6257,dcannon@bowers-brooks.com,!#1Z@klAVt
891,Shelley,Wilson,female,+1-242-481-8072,mario47@may.com,_WFOBl4pQ6
892,Judy,Taylor,female,804.526.0251x34918,ufitzpatrick@yahoo.com,N)89Ep7i%O
893,Meagan,Hancock,female,(433)836-9843x9713,qnixon@gmail.com,8tGygc@O+K
894,Jeff,Wells,female,447.526.3590x49609,amanda46@hotmail.com,7UzFfQ6)!q
895,Andrew,Mayer,male,001-201-405-4827x555,mfox@estrada-odonnell.net,&8FDfoSn06
896,Mark,Miller,female,(992)756-2187x5703,foneal@summers.com,CW70Fmf@&$
897,Mrs.,Carolyn,male,001-693-919-0275x7003,juanramirez@avila.com,c(5jYbYj!g
898,Travis,Ramos,male,989-687-3609x4288,myoung@yahoo.com,^VoTbe#x7c
899,Wendy,Martin,male,0042496611,mathisjasmine@gmail.com,%^iRrpFl)9
900,Pamela,Mullins,male,002.321.1486x319,dcraig@rodriguez-simmons.com,mtnjOUGF$9
901,Timothy,Williamson,female,043.829.0951x077,ballardashley@yahoo.com,r(1lKoIv$p
902,James,Mueller,female,868.845.3904x07108,toddjody@hotmail.com,Sc9OpIx%+3
903,Paul,Barnes,male,257.202.3470x5209,qwarren@hotmail.com,l$W9DLRxeO
904,Amanda,Henderson,female,3043857721,peter36@riley.biz,#rRfy!&k0E
905,Ronald,Tate,male,6787101782,martinezkenneth@thomas-smith.net,!n7YW$v%tt
906,Nathan,Roy,male,(514)622-3256x21621,dana57@gmail.com,AVws4moeZ&
907,Melinda,Williams,female,687-462-2662,glenn32@brandt.biz,!19*TeTa7j
908,Brian,Cook,female,420-247-8947x278,zibarra@yahoo.com,zDOh1t+xc!
909,Kathleen,Miller,female,8769854885,clarkgina@crawford.biz,h$d1sNq3xa
910,Tracy,Goodman,male,001-445-914-0635x17647,hturner@wilkins.org,(05)O^y71M
911,Susan,Gomez,female,4760983714,wrightmelinda@hotmail.com,(V+*poZva9
912,Catherine,Owens,male,041-278-9264x1890,vvega@smith.net,O_M5WY^weJ
913,Troy,Owens,male,+1-970-227-8613x6486,gjackson@gmail.com,ckRz!^7l@0
914,Tina,Miller,female,001-156-314-3472x15465,iharris@hotmail.com,^9o6x7EkMN
915,Catherine,Watkins,male,+1-801-493-6986x748,melissaayala@gmail.com,%4Kl68S38R
916,Justin,Lewis,female,001-995-892-2536x909,nelsonmanuel@yahoo.com,i)0Mxk$OqB
917,Ann,Wolfe,female,886.102.6144,pittmanjennifer@bennett-white.biz,r)I4Sq4s#p
918,Hannah,Valenzuela,male,1934454040,megan79@gmail.com,+1yDuapka7
919,Ashley,Sullivan,male,9905303637,karenallen@hotmail.com,3o59uGgo&y
920,Barbara,Luna,female,213-519-4931,grace39@yahoo.com,nj9MsbS0Q%
921,Jamie,Martin,female,(641)333-2537x9534,ashley47@martin.com,68_4Myy4FB
922,Megan,Camacho,female,1719071100,joshuadaniels@salas-clark.com,9QPlIz_%@H
923,Barbara,Walker,male,(779)228-0161,amysellers@beck-avila.com,+bdj^Xfuu0
924,Sara,Mitchell,male,+1-294-012-9381x5520,alexander77@yahoo.com,XuNW+p^@+0
925,Ryan,Williams,male,925-958-1605,erin66@bell-oliver.com,LkVJl7Vf^4
926,Mrs.,Amber,male,630-186-5146x147,websterdestiny@chang-cunningham.biz,Z3ZAikE2!3
927,Jeffery,Cox,female,341.389.1970x82159,ramosnathan@yahoo.com,Tr)0@yQgry
928,Julie,Horne,female,769.876.6689,pzimmerman@hoffman-wiley.com,XA5#FP0t%%
929,Ryan,Flores,male,+1-067-533-3054x0677,shawncook@fuentes.com,8i7fRmVf(w
930,Rebecca,Watson,female,+1-963-219-6575x3542,jonesbryan@yates-harris.net,%%x3C&hz*^
931,Jessica,Haynes,female,001-861-907-4249,mindytownsend@yahoo.com,(2iVh2RtB+
932,Lisa,Gutierrez,male,949.094.2617x4080,kaylareilly@atkinson.com,mM84G*yZx&
933,Tina,Rogers,male,054-477-2642,schmidtdarlene@pierce.biz,7+&t2BHkdE
934,Michaela,Wright,female,141.986.1043,nwong@gmail.com,(r%lMzcp73
935,Brian,Chen,male,648-994-8687x597,andrew70@gmail.com,ozA8+SiJ@l
936,Michael,Mcdonald,male,+1-535-645-5728,kathy69@yahoo.com,*7&+VM_u_d
937,Lisa,Graham,male,129-148-9406,jermaine99@perez.info,us!H5wTi4X
938,Paula,Brewer,male,901-466-3806,donald52@webster-perry.com,JD)ZkLiO+8
939,Denise,Benton,male,+1-477-797-4057x780,nguyenduane@hotmail.com,t%4xlx_rkU
940,Maureen,Hernandez,male,+1-608-361-8053,jbrown@yahoo.com,#^4VAwwSOk
941,Melissa,Johnson,male,010.397.2127,john98@gmail.com,fQ1^+Jbo*Q
942,Eric,Williams,female,4068316017,nsnyder@hotmail.com,fL)Fl1Tj(e
943,Jessica,Williams,female,001-747-618-6637x4552,allennancy@hotmail.com,r4L_UKMi@9
944,William,Gallegos,female,082.185.9131x119,sandraross@liu.com,AvK6#1IpiV
945,Brandon,Berry,male,781-656-8178x31342,floreskeith@gmail.com,!kEVulv%42
946,Richard,Reese,female,065.846.2539x276,piercetina@yahoo.com,!PbojPjBB5
947,John,Wilkinson,male,001-974-376-1175,nstrong@hotmail.com,8lN*jnLf#u
948,Michael,Sanchez,female,001-430-725-2859x61782,kimberly29@hotmail.com,r1j3HypA#1
949,Patty,Johnson,male,001-449-752-7819x730,maxwelljohn@hotmail.com,!+5qErZt_h
950,Rachael,Newman,female,689-158-9933,davisdavid@yahoo.com,J7_jHk51)s
951,Lindsey,Clark,female,329-883-6278x7679,fitzgeraldmelissa@dominguez-ibarra.biz,yPNEycxL#8
952,Kevin,Charles,male,001-550-398-4340x54568,waltonsherry@fletcher-phillips.biz,Nn3!TZYOM!
953,Ronald,Hale,female,+1-807-568-4710x517,danielruiz@gmail.com,8cIngzUM*V
954,Joseph,West,male,001-947-101-8759x6313,hansenjennifer@norton.com,8$4tGc!CEs
955,Anthony,Rice,female,157.662.8243x43485,evelasquez@stewart.com,_5Em_1dfo3
956,George,Farmer,male,885.447.5545x24686,melaniewalker@gmail.com,m7TXa%st)N
957,Paul,Scott,male,+1-419-785-4101x2786,tommy44@hotmail.com,n+orx6AbYE
958,Dr.,Adam,male,001-256-764-7953x5078,rosariocathy@mahoney.com,w2Vxznp&!9
959,Jacob,Wagner,female,691.869.1881,garciaanthony@hotmail.com,*)#bLuyj6h
960,William,Thomas,female,001-900-109-6637x8569,travis77@wallace.com,Z)8C%QKca+
961,Tim,Estrada,female,899.213.6602x26289,xgreene@lloyd.com,0L6H8ee8$1
962,Michelle,Goodwin,female,001-049-614-8781,melissaortega@hotmail.com,$F_IoDYv@7
963,Andrew,Moreno,female,001-941-359-4776x8870,rhondaweiss@gmail.com,XFLR8ig%(6
964,Christopher,Brooks,female,+1-222-281-6874,thomas98@owen.com,3+RWPbwa!l
965,Jon,Hodges,male,993.421.6894x751,whernandez@baxter.com,s7HX9bmh%a
966,Billy,Jackson,female,5088556175,alexandervaldez@gmail.com,!Er7+Yr^n@
967,Jimmy,Hernandez,female,(472)834-7783x993,gmercado@yahoo.com,p!5i4h%l2S
968,David,Miller,female,964.215.7470,patricia14@hotmail.com,fw4GxS2e^c
969,Regina,Blevins,male,101.510.3193,jonesjay@weaver-jones.com,$095YRdt0d
970,Jordan,Erickson,male,(437)944-8723x534,brownlauren@holland.com,px^11DqhjD
971,Rebecca,Davis,female,001-486-964-1380x945,eric99@foster.net,Cw9FWxjV_#
972,Kara,Bryan,female,731.933.1022x9534,dmendoza@yahoo.com,hn0G!ujZ+_
973,Jason,Short,female,(135)326-0192x2520,aviladebra@miller-thompson.com,)48yPXScMs
974,Mrs.,Erica,male,+1-190-499-4175x01878,powersjennifer@rogers.org,&hwSe!swi1
975,Melissa,Young,female,717.182.3297,matthew68@potter.com,1n3Cyuo^(h
976,Amy,Carson,male,(245)045-0776x89740,cruzelizabeth@yahoo.com,&4p$Mts4XX
977,Holly,Rodriguez,female,(421)101-8494x192,melissa50@gmail.com,+88rgyEady
978,Willie,Owens,male,001-327-295-2145,rmanning@hotmail.com,E0GpTA@z&t
979,Sarah,Roberts,male,(385)174-4279,hgonzalez@yahoo.com,_x1tB(x)lE
980,Aaron,Phillips,male,(401)521-6179x4344,jasonmorales@yahoo.com,P%k6!qF)Db
981,Brianna,Conley,male,8006623578,paulanderson@yahoo.com,1O1d82Tl+v
982,Matthew,Mcintyre,male,905.266.7511x18698,waltonkimberly@hotmail.com,%jSVx4w963
983,Michael,Cooper,female,344-302-0293,troy58@hotmail.com,!rQM_QZo)8
984,Christopher,Foster,male,001-785-070-1968x63514,angela25@perez-rivera.com,ozSmTpV3!8
985,Douglas,Harrell,male,010.396.1934,elijah24@gmail.com,s^6Z3kbFv*
986,Devin,Davis,male,833-085-4013,karen00@yahoo.com,BDs9PcAym_
987,Tammy,Allen,female,331.401.8790x5046,brooketucker@hill.info,%C+Hh26t4b
988,Adam,Jones,male,(954)323-6058,dnicholson@king.biz,)hCE^8r@%5
989,Cheryl,Flowers,male,738-192-0650x835,etaylor@mathews.com,%91q&HFkax
990,Cathy,Diaz,male,001-506-754-7845,michellemason@davis.com,_X)2l*YpRl
991,Erica,Dunn,male,913-312-4751,daviddavila@terrell-montes.info,U6xVTk@4*1
992,Casey,Bailey,female,311-805-8272x53130,christopher85@norton-alvarado.com,F#ZMy3Og^T
993,Erica,Lee,male,802.502.6764x764,anthony20@hotmail.com,s4v%QGg*)W
994,Stacy,Rodriguez,female,(874)964-9742x3579,adamalexander@yahoo.com,Z0j7OZPv$R
995,Mrs.,Michelle,female,001-655-149-5113x79494,jessicaramirez@orozco-smith.com,q8CwrPXX+R
996,Jacob,Ward,female,001-028-266-2878x691,krista42@hotmail.com,$(0wLXEdE9
997,Randy,Walters,male,(148)436-0476x586,garrettluke@gonzalez.biz,E$3ETLEkxu
998,Michael,Crawford,female,001-012-978-3865x26615,eric17@woodward.info,&b*Di%HfZ5
999,Lawrence,Mckee,female,+1-261-825-7226x885,kellyfrank@phillips.net,q6KLeE4R)&
