849,Victor,Rogers,male,001-924-620-8367,troy76@harris.com,%P8KtQK%9y
850,Jamie,Swanson,male,0408158626,wramirez@gmail.com,s_08Y@Pw$x
851,Douglas,Underwood,male,+1-156-949-3702,romerogail@hotmail.com,7)7SKMsHSs
852,Ryan,Smith,female,+1-980-980-5612x9480,codyrodriguez@perry.info,Wq90MTkzu!
853,Gregory,Middleton,male,+1-690-292-0342,kellyfisher@ewing.com,#RE#k%eg6_
854,David,Mitchell,female,+1-651-053-5493,dianelong@yahoo.com,9n*3WWiEZY
855,Raymond,Alvarez,female,554.702.7797,richnathaniel@patterson-garrett.com,K2ROKfQc_m
856,Olivia,Yang,female,797-487-6506x03301,daviesaaron@crawford.biz,gs8QG8jrD_
857,Nicole,Wood,female,001-677-375-0406x891,mcosta@johnson-ward.com,3%9kQ*loq(
858,Deborah,Blankenship,female,594-796-1417x4159,jrose@hotmail.com,^Al9PNf75H
859,Susan,Donovan,male,+1-320-579-7765,debbie82@hanson.com,8fDl0RJj_P
860,Tonya,Rollins,male,056-173-4769x7703,alvareztodd@yahoo.com,*8cHW6%imx
861,Lance,Parker,female,(668)910-0713,georgesmith@elliott.net,YkKAKBPt_5
862,Lawrence,Diaz,male,(911)390-2819x24720,mercadostephen@gmail.com,3OuzF0rt!H
863,Luke,Ali,male,001-410-484-5724x935,tperez@gmail.com,)rEU%xLia8
864,James,Galloway,female,(471)000-5994,andrewwilson@hotmail.com,)c#qQJqpj4
865,Michael,Chavez,female,505-879-6771,patricia53@hotmail.com,@@37IhxD6D
866,Julie,Zamora,female,808-473-0941x4380,christine95@gmail.com,S&1vUqvH7r
867,Frances,Rivas,female,758-412-8959x3542,michelle17@watson.com,QY4AU2Xy__
868,Jillian,Hayes,male,(028)682-5749,mbarrett@johnson-johnson.biz,_w4wTgGcP_
869,Robert,Wright,male,910.660.0571x6610,paulkelley@hotmail.com,n6(T6mSQ^f
870,Eric,Hull,male,+1-312-207-2299x9529,dwaynetaylor@garcia.com,Mg4SA)Mf9#
871,Austin,Poole,male,171.528.7172x0212,wbennett@morales.info,iAb+bDcf)6
872,Tanya,Allen,female,001-476-834-0311x939,amy22@hotmail.com,^9)ajwYej0
873,Lisa,Armstrong,female,001-264-324-6373x44764,mcclaineric@hotmail.com,@5Azi7&Rh1
874,Michael,Mcneil,male,909-864-3738x89465,sierrasmith@gmail.com,3Yb#)8Ik0k
875,Ann,Hamilton,female,8370523346,csmith@davis-jordan.info,Qyq$5)L8)^
876,Donald,Olson,female,(359)935-8796,omartin@wade-watson.com,+reJuEhsz0
877,Craig,Fletcher,female,+1-574-891-8556,bferguson@gmail.com,!556EUsWBk
878,Deborah,Turner,female,001-015-326-4722,james31@hotmail.com,U4G#nD1k@q
879,Victoria,Lewis,male,8332111576,rcollins@yahoo.com,_7bU2WGqCQ
880,Craig,Sullivan,male,821.820.2678x6183,cookvanessa@yahoo.com,*dID)NEr&7
881,Sherry,Weber,female,829-437-0818x231,jacksonmelanie@mason-thornton.com,V8Rg&x1&^M
882,Melissa,Henderson,female,+1-775-058-1004x487,rushcorey@warren.com,Z#*8E4$a)N
883,Maria,Collins,male,137.217.4368x1924,saracortez@yahoo.com,+p3Sy)+FB5
884,Danielle,Patel,male,588.830.9018x669,zachary55@yahoo.com,1&_1wArTIV
885,Daniel,Mcdonald,female,860-909-7575,davidhodges@yahoo.com,%2IpPKmo#b
886,Jennifer,Tucker,male,742-603-3407x3239,theresa21@hunt.biz,+1SG^AloBP
887,Jeffrey,Anthony,male,087.621.3702x49296,bmullins@gmail.com,Et2Nr2^!^6
888,Robert,Thompson,female,(340)624-9418x47981,cassandrajohnson@clark.com,_v2G*vSa82
889,Robert,Barnes,male,433-619-7152x6256,robertsonderrick@cruz.com,caO6K1O4^9
890,Daniel,Reed,male,001-265-359-4392x6257,dcannon@bowers-brooks.com,!#1Z@klAVt
891,Shelley,Wilson,female,+1-242-481-8072,mario47@may.com,_WFOBl4pQ6
892,Judy,Taylor,female,804.526.0251x34918,ufitzpatrick@yahoo.com,N)89Ep7i%O
893,Meagan,Hancock,female,(433)836-9843x9713,qnixon@gmail.com,8tGygc@O+K
894,Jeff,Wells,female,447.526.3590x49609,amanda46@hotmail.com,7UzFfQ6)!q
895,Andrew,Mayer,male,001-201-405-4827x555,mfox@estrada-odonnell.net,&8FDfoSn06
896,Mark,Miller,female,(992)756-2187x5703,foneal@summers.com,CW70Fmf@&$
897,Mrs.,Carolyn,male,001-693-919-0275x7003,juanramirez@avila.com,c(5jYbYj!g
898,Travis,Ramos,male,989-687-3609x4288,myoung@yahoo.com,^VoTbe#x7c